NDomain	NNode	Time(ms)
4	181	71.9237
4	152	24.0962
4	156	22.8615
4	176	25.5319
4	156	22.011
4	171	25.5133
4	160	22.9573
4	177	24.6578
4	150	20.7698
4	168	24.402
4	151	19.7907
4	177	24.6478
4	156	20.689
4	158	21.0472
1	119	14.8911
1	157	22.5619
1	107	14.2287
1	170	23.5439
1	119	15.648
1	163	22.4129
1	111	23.0387
1	146	34.36
4	166	43.2506
4	163	22.3991
4	141	19.0921
4	123	15.9316
4	151	21.5267
4	167	23.4649
4	146	19.953
4	129	16.9488
4	129	16.845
4	161	21.5519
4	133	16.2385
4	159	22.1315
4	156	19.8082
4	166	21.7489
4	156	20.2862
4	146	18.5104
4	110	13.6314
4	163	20.5098
4	152	31.8827
4	121	24.3762
1	86	16.3163
1	113	14.9681
1	125	15.5188
1	127	16.5421
4	143	19.3254
4	150	19.6004
1	143	17.4381
1	141	17.849
1	102	12.1893
4	173	31.7436
4	147	19.3567
4	123	15.2945
4	149	19.0417
4	160	20.0733
4	146	17.6993
4	130	16.0034
4	125	14.2087
4	133	16.0217
1	139	26.5441
1	142	26.9219
4	165	40.5733
4	137	16.5308
4	148	17.9398
4	133	15.6166
4	133	15.8728
4	142	17.2407
4	129	16.0983
4	115	13.0305
4	125	13.983
4	133	15.9611
4	127	14.5696
4	134	16.6068
4	133	15.3667
4	102	11.3373
4	181	27.2369
1	106	11.2694
4	184	27.1994
4	122	13.5487
4	112	13.5583
4	106	12.391
4	106	12.2445
4	96	10.7542
4	180	24.3294
1	85	9.49831
4	185	24.2336
4	123	13.8239
4	123	13.4169
4	194	23.8384
4	122	13.2493
4	105	10.6867
4	125	13.6561
4	122	12.8213
4	108	10.515
1	87	8.15748
4	198	23.2123
4	117	11.4666
4	127	13.1057
4	124	13.0643
4	119	12.4603
4	107	10.4582
4	104	10.7572
4	98	10.1473
4	93	9.18646
4	97	9.50948
4	102	10.3473
4	103	10.0485
4	190	20.3453
4	94	9.11509
4	106	10.1429
4	81	8.0211
4	98	8.98573
4	199	19.7861
4	90	7.88913
1	128	9.86536
4	200	19.4707
4	112	10.3866
4	102	9.27485
4	85	7.46988
4	103	8.89901
4	180	17.3274
4	75	6.37109
4	85	7.7439
4	89	6.93383
1	70	6.2351
1	59	5.9546
4	190	17.1199
4	190	16.9026
4	102	8.35468
4	75	5.66373
4	91	8.34028
4	194	16.5536
4	89	5.18624
4	90	6.36211
4	107	8.67111
4	77	5.6855
1	60	4.45162
1	52	3.91543
4	203	15.9798
4	66	7.61531
4	86	11.1702
4	86	11.0538
4	84	10.5403
4	91	11.9639
4	200	22.3826
4	87	6.06418
4	77	5.76497
4	78	5.34261
4	70	4.50305
4	70	4.45245
4	215	13.4378
4	63	3.99761
4	71	4.16984
4	82	5.44224
4	83	5.39915
4	82	5.08326
4	216	12.7385
4	71	3.87092
4	73	3.82287
4	62	7.07723
4	197	18.71
4	66	5.86557
4	69	7.60948
4	201	18.1631
4	85	5.86649
4	202	10.629
4	83	4.6151
4	61	2.73687
4	59	2.47081
4	207	10.398
4	56	2.25246
4	56	2.22561
4	63	2.51758
4	208	9.93042
4	82	3.73629
4	58	2.16828
4	50	1.60316
4	68	2.42627
4	68	2.20949
4	53	4.33933
4	42	2.01311
4	61	5.22998
1	82	8.69373
4	64	5.67789
1	51	2.89217
4	53	3.57245
1	72	4.75095
1	65	3.7601
1	53	2.97513
4	65	4.74529
4	56	3.59558
1	39	1.62587
4	52	2.90149
4	65	4.24553
4	62	4.47892
4	69	5.16417
4	53	1.87476
4	53	1.67266
4	54	1.6522
4	47	2.38239
1	29	1.51914
4	42	2.30081
4	64	5.15684
4	46	2.38846
4	54	2.39495
4	41	1.6971
4	48	1.71658
4	51	2.33286
1	86	7.32847
1	66	4.42957
4	70	5.53463
4	70	6.256
4	65	4.4201
4	74	6.51455
4	73	6.3541
4	73	6.15668
4	65	4.15367
1	44	1.59119
1	39	0.867288
4	61	4.7346
4	66	4.77684
4	54	4.19144
4	58	3.67951
4	49	2.22446
4	66	4.76345
1	53	3.8324
1	50	2.1315
4	86	7.44482
4	56	3.40151
1	41	1.8743
1	51	2.78383
1	73	5.28314
1	85	7.68286
4	74	7.49809
4	69	5.90717
4	49	1.8937
4	73	3.87438
4	72	3.7063
4	74	3.30677
4	52	3.11265
4	69	5.87377
4	61	3.86921
4	61	3.74288
4	48	2.18252
4	47	2.33757
4	59	3.36516
4	57	2.9762
4	66	4.52915
4	74	6.06957
4	46	2.00144
4	68	5.20861
4	45	1.74658
4	69	5.02211
1	48	2.916
1	47	2.00671
1	25	0.907309
4	63	3.68636
1	40	1.14145
1	36	1.08363
4	45	2.01067
4	60	4.59533
4	46	2.7041
4	49	3.00341
4	39	1.35611
4	57	3.31306
4	62	4.00924
4	55	3.2752
4	45	1.18848
1	39	1.24871
1	43	1.65226
4	40	1.55133
4	50	2.51582
4	53	3.27049
4	65	4.31129
4	51	2.70314
4	71	4.50349
4	55	2.90741
4	36	1.30662
4	66	4.15746
4	33	1.33094
4	32	1.44768
1	19	0.458854
1	24	1.35965
1	18	0.535755
4	35	1.38518
4	73	5.57057
4	38	1.29928
1	40	1.24353
4	42	1.75007
4	45	1.73909
1	41	1.30113
4	40	1.56414
4	41	1.49156
4	36	1.16129
1	27	0.564216
4	39	1.2293
4	74	5.51279
4	65	5.04399
1	73	5.16041
4	72	5.42841
4	70	4.46346
4	76	5.85871
4	78	5.51164
4	74	5.19528
4	85	6.1914
1	80	5.57388
1	77	5.59278
4	78	6.58086
4	62	5.16723
4	78	7.46583
1	79	5.82198
1	72	4.95998
4	75	4.46272
4	58	1.95129
4	59	2.00724
1	33	0.781607
1	47	1.37533
4	80	3.31622
4	65	2.26878
4	59	5.52116
4	57	3.88226
1	35	1.86238
1	45	2.62477
4	50	2.53964
4	65	3.8291
4	62	3.84879
4	59	3.4716
4	63	4.18102
4	61	3.44166
4	65	4.13929
4	62	3.85193
4	67	4.2067
4	58	2.96439
4	62	2.81442
4	47	1.53259
4	55	2.7636
1	35	1.7253
4	38	2.01401
1	35	1.47272
4	34	1.39612
4	33	1.02884
4	32	0.883768
4	42	1.73256
4	40	1.52851
1	30	0.697887
4	28	1.08187
4	32	1.03824
4	36	0.98657
4	37	0.949588
1	28	0.521695
1	35	1.00044
1	22	0.728947
4	26	0.838828
1	48	1.77346
4	28	0.913159
1	29	0.640436
1	21	0.441214
1	19	0.370183
4	29	0.825148
4	27	0.988179
4	28	0.925579
4	29	0.851058
4	29	0.774267
4	65	4.15532
4	63	4.06984
4	61	3.79933
4	61	3.42389
4	59	3.69923
4	61	3.47755
4	60	3.1153
1	24	0.822408
4	41	1.68318
4	39	1.34804
4	48	2.12534
1	44	1.64504
4	37	1.37706
1	25	0.780558
4	43	2.15783
1	72	4.04768
1	60	3.66071
1	63	3.21509
4	57	3.32149
4	51	3.08665
4	61	3.12787
4	65	3.74106
4	68	4.16358
4	58	4.21281
4	62	3.81562
4	60	2.89233
4	60	3.22689
4	67	3.3395
4	52	2.41376
4	57	2.54694
4	51	2.17677
1	32	0.560575
1	41	1.06209
1	42	1.42704
4	65	2.91412
4	65	3.3133
4	27	0.769777
1	58	3.06323
4	52	2.94375
1	24	0.466984
1	21	0.469145
1	26	0.421354
1	26	0.439644
1	23	0.368833
1	19	0.371154
4	27	0.486745
1	37	1.31518
1	42	1.4566
4	35	1.66616
4	38	1.654
4	37	1.36134
1	20	0.447724
4	58	2.86089
1	29	1.16275
4	37	1.80006
4	38	1.83087
4	39	1.44089
4	35	1.00384
4	41	1.49954
4	47	2.01273
4	37	1.0113
4	39	1.27826
1	34	0.683146
1	25	0.543525
1	27	0.554486
4	48	2.04834
4	45	1.7306
4	38	1.13619
4	38	0.907408
1	49	1.0572
4	46	1.49112
4	59	3.39861
4	58	3.13184
4	50	2.50182
4	50	2.45393
1	42	1.66915
4	41	1.5408
1	46	2.19027
4	35	1.55133
4	60	2.93324
4	52	2.77662
4	38	1.67823
4	32	1.29543
4	55	2.19949
4	47	1.91579
4	47	2.15049
4	47	1.89417
4	24	0.549825
1	21	0.313053
4	19	0.592256
4	41	1.58403
4	34	1.26137
1	19	0.337463
4	47	1.61984
4	50	1.74551
1	45	1.48083
1	47	1.67414
1	37	1.26371
1	41	1.37997
1	39	1.13855
4	43	1.66711
4	44	1.806
1	33	0.908339
1	34	1.07695
1	31	0.964669
4	41	1.6157
4	45	1.64669
4	40	1.39482
4	41	1.44578
4	39	1.09025
4	42	1.25
4	45	1.34116
4	39	0.99963
4	41	1.08786
4	42	1.07701
1	20	0.345433
1	23	0.379954
4	29	0.650666
1	22	0.507154
1	21	0.379214
1	20	0.352993
1	25	0.433654
1	27	0.657406
4	28	0.940009
4	30	1.18195
1	26	0.689507
1	22	0.572975
4	24	0.928179
4	30	0.834967
4	27	0.616406
4	27	0.575546
1	25	0.389264
4	28	0.573646
1	16	0.267902
4	34	0.95938
4	34	1.05382
4	29	1.43211
4	28	1.23365
4	29	1.12133
4	29	1.26288
1	19	0.502675
4	37	1.2029
1	18	0.437435
1	16	0.371553
4	21	0.748708
1	24	0.486864
1	38	1.39597
1	42	1.93128
1	48	2.17737
1	26	0.749067
1	37	1.36499
4	36	1.67612
4	36	1.83728
4	36	1.67195
4	43	1.91656
4	39	1.45162
4	31	1.39023
4	27	0.953889
1	20	0.317103
1	18	0.297193
1	19	0.307443
1	24	1.08708
1	39	1.56883
1	36	1.16589
4	34	1.16014
4	40	1.18098
4	39	1.19271
4	34	1.00042
1	20	0.344843
1	16	0.249623
1	47	2.23793
4	49	2.5618
4	56	2.76145
4	52	2.39041
1	64	2.83765
4	52	2.22367
4	41	2.11427
4	42	2.18718
4	45	2.31074
4	48	2.08193
1	27	0.761237
4	46	1.58713
4	45	1.416
4	41	1.17968
1	17	0.284843
1	18	0.274232
1	19	0.311203
4	23	0.552836
1	19	0.175081
1	18	0.181422
1	17	0.169462
1	33	0.848248
1	37	1.0353
4	33	1.05077
4	34	0.962239
4	32	0.99059
4	30	1.3546
4	29	1.04704
4	27	1.01586
4	25	0.842178
1	23	0.738357
1	17	0.313633
4	26	1.0673
1	18	0.340873
1	20	0.311943
1	19	0.387654
1	14	0.320863
1	49	1.92988
1	40	1.55987
1	30	0.823148
1	27	0.524505
4	44	1.66427
4	43	1.47538
4	44	1.5657
4	45	1.45711
4	47	1.5147
1	27	0.752038
4	39	1.24358
1	33	1.1208
1	30	0.870539
4	26	0.920008
1	38	1.38567
1	24	0.429405
1	36	0.785557
4	29	0.835458
4	24	0.651647
4	25	0.615526
4	38	1.21489
4	40	1.2787
4	38	1.21
4	41	1.3446
4	32	0.959229
4	36	0.781857
4	27	0.778148
4	29	0.851478
4	43	1.13405
4	29	0.841538
4	19	0.567826
1	35	0.754827
1	23	0.440504
1	31	0.525475
4	28	0.704927
4	31	0.854448
4	26	0.537905
4	27	0.543676
2	16	0.408644
1	17	0.190891
3	13	0.396744
1	15	0.194472
1	15	0.178982
1	16	0.206362
1	20	0.242762
1	20	0.223702
1	23	0.398494
4	25	0.587855
4	26	0.596706
1	17	0.465645
4	29	0.744437
4	28	0.689407
4	22	0.543015
4	22	0.490305
4	26	0.533105
4	23	0.426034
1	18	0.210272
3	12	0.435564
1	19	0.292523
4	20	0.569555
1	20	0.246882
1	28	0.495505
4	28	0.751827
4	28	0.661237
4	33	0.663026
1	29	0.438415
1	31	0.426994
4	28	0.587495
4	30	0.530705
1	16	0.245222
1	18	0.244882
4	27	0.509825
4	23	0.422144
1	25	0.256353
1	21	0.194271
1	22	0.430074
1	28	0.772008
4	31	0.795638
4	30	0.703546
4	31	0.625116
1	20	0.286692
1	21	0.238133
1	18	0.205152
1	17	0.186101
1	15	0.201342
1	12	0.191862
1	14	0.190782
1	15	0.186472
1	13	0.448644
1	24	0.97146
1	17	0.281123
1	13	0.268812
1	21	0.250603
1	13	0.246742
1	18	0.258992
1	20	0.309013
3	13	0.605306
4	21	0.466834
1	18	0.385494
4	25	0.740937
4	28	0.829248
1	18	0.385624
1	13	0.224752
4	28	0.899949
4	30	0.659686
1	12	0.241752
1	26	0.360214
1	23	0.264092
1	24	0.259173
1	22	0.337113
1	20	0.240173
4	21	0.444854
1	21	0.270952
4	22	0.440614
4	23	0.422934
1	23	0.405494
2	14	0.345513
1	18	0.189152
1	18	0.228673
2	13	0.356923
1	17	0.177352
1	18	0.174702
1	18	0.174051
1	18	0.159782
1	16	0.154351
1	14	0.146982
1	20	0.172541
2	14	0.325194
1	19	0.135701
1	15	0.226522
1	17	0.195682
1	18	0.182982
1	23	0.398714
1	18	0.185941
1	25	0.347854
1	21	0.361633
4	29	0.524135
4	24	0.759228
3	18	0.366603
3	18	0.348343
3	15	0.309713
1	23	0.175742
1	23	0.210982
3	14	0.305373
1	18	0.196451
3	15	0.387084
1	18	0.165402
4	18	0.459354
4	26	0.544315
4	22	0.455744
4	22	0.471435
1	14	0.200772
1	11	0.392284
1	13	0.136891
1	16	0.130221
4	16	0.606126
4	17	0.434594
4	19	0.368284
4	15	0.350163
4	19	0.324253
1	16	0.170372
1	15	0.163631
1	16	0.160272
1	13	0.177841
1	4	0.170332
1	8	0.163361
1	8	0.131252
2	11	0.288962
1	17	0.169042
1	8	0.213122
1	12	0.215972
1	11	0.217742
1	19	0.274203
3	12	0.520695
1	21	0.236442
1	19	0.233013
1	8	0.273132
1	10	0.364584
1	8	0.215562
1	19	0.227922
1	17	0.233402
2	15	0.378053
1	18	0.204832
1	19	0.213242
1	20	0.192532
1	15	0.222832
1	16	0.207982
1	17	0.195142
1	15	0.216942
1	15	0.149251
1	17	0.128212
1	14	0.156511
1	14	0.172372
1	14	0.179892
1	20	0.165871
1	15	0.158732
1	14	0.156841
1	18	0.160452
1	18	0.153552
1	16	0.158561
1	17	0.157992
1	16	0.168301
1	5	0.150192
1	8	0.161641
2	8	0.322914
1	9	0.132061
1	1	0.153951
1	12	0.235432
1	14	0.193582
1	14	0.231032
1	17	0.196602
1	16	0.177492
1	15	0.167151
1	12	0.234302
2	9	0.355074
1	11	0.159682
1	9	0.169211
1	7	0.162312
1	8	0.155481
2	10	0.308993
1	15	0.160132
1	14	0.168981
1	10	0.168392
1	17	0.208992
1	17	0.202742
1	16	0.196241
1	15	0.196912
1	14	0.178812
1	15	0.197432
1	13	0.187552
1	15	0.163362
1	16	0.158221
1	9	0.155372
1	10	0.127991
1	10	0.162792
1	15	0.127171
1	16	0.127861
1	10	0.149232
1	14	0.124241
1	12	0.201792
1	9	0.129811
1	10	0.126631
1	13	0.122442
1	8	0.163361
1	9	0.125301
1	10	0.141142
1	14	0.163901
1	15	0.145262
1	12	0.146921
1	13	0.177352
1	11	0.132031
1	14	0.165872
1	14	0.158431
1	15	0.159602
1	14	0.153641
1	11	0.144271
1	6	0.142002
1	6	0.141941
1	11	0.155551
1	2	0.159892
1	5	0.146041
1	16	0.162052
1	15	0.158021
1	13	0.155602
1	8	0.155171
1	16	0.160922
1	17	0.166601
1	13	0.155162
1	12	0.157901
1	6	0.232223
1	11	0.199692
1	7	0.187331
1	11	0.200252
1	11	0.197112
1	8	0.169812
1	7	0.222632
1	10	0.208072
1	10	0.211892
1	17	0.213172
1	16	0.214782
1	10	0.173632
1	15	0.207392
1	15	0.209082
1	15	0.206652
1	3	0.204742
1	7	0.162951
1	6	0.196982
1	9	0.170532
1	10	0.172651
1	7	0.198952
1	6	0.170572
1	10	0.219322
1	19	0.204832
1	13	0.205802
1	10	0.163732
1	10	0.161011
1	7	0.162002
2	5	0.368503
1	5	0.164392
1	3	0.193612
1	5	0.180531
1	5	0.160372
1	10	0.184792
1	5	0.155841
1	7	0.197342
1	12	0.200142
1	13	0.199702
1	14	0.202952
1	15	0.197021
1	9	0.147071
1	10	0.120541
1	14	0.163992
1	15	0.159831
1	27	0.725087
1	23	0.495655
1	28	0.670477
1	11	0.142601
1	5	0.136351
1	7	0.135232
1	5	0.133341
1	16	0.153681
1	15	0.167222
1	12	0.154571
1	1	0.122422
1	22	0.637595
1	9	0.197772
1	9	0.172282
1	13	0.164591
1	9	0.162282
1	13	0.252473
1	5	0.183751
1	3	0.160992
1	3	0.156941
1	2	0.200472
1	13	0.477265
1	25	0.918688
1	32	1.16868
1	17	0.482775
1	11	0.227082
4	28	1.19757
4	32	1.35281
4	32	1.20731
4	23	0.806938
1	12	0.188072
1	19	0.603865
1	12	0.230743
1	15	0.425583
1	16	0.476325
1	26	0.773177
4	23	0.932749
4	27	1.01342
4	20	0.738787
4	27	0.942949
4	18	0.531705
4	28	0.880408
4	21	0.537125
4	24	0.567216
4	23	0.570085
4	25	0.525415
1	33	0.532696
4	23	0.614866
4	25	0.636916
4	21	0.541595
4	21	0.529945
4	23	0.479254
4	16	0.413634
1	11	0.225682
1	17	0.634796
1	7	0.204292
1	9	0.129691
1	8	0.137722
1	7	0.137931
1	5	0.136961
1	10	0.164942
1	10	0.160361
1	17	0.398644
4	24	0.892088
4	33	1.08723
4	29	0.973789
4	19	0.492195
4	34	1.18605
4	28	0.782667
4	27	0.773927
4	29	0.849138
4	36	0.929869
4	40	1.17786
3	13	0.308483
1	21	0.298202
1	18	0.214182
1	19	0.554095
1	37	1.29739
1	30	1.2244
1	10	0.240803
1	10	0.290893
4	16	0.570375
1	12	0.219032
1	8	0.408814
4	15	0.321403
4	35	1.52646
4	31	1.37073
4	30	1.47334
4	26	1.28611
4	29	1.16221
4	25	0.95338
4	30	1.10772
4	31	1.22451
2	11	0.529645
4	28	0.779117
1	17	0.297633
1	9	0.364984
1	7	0.171241
1	5	0.154372
1	7	0.149871
1	8	0.207212
1	6	0.158281
1	26	0.926879
4	25	0.988199
4	28	0.954689
4	22	0.773747
4	24	0.833438
4	20	0.688197
4	20	0.589566
1	14	0.258513
4	27	0.550015
4	22	0.484435
4	18	0.360433
1	15	0.199102
1	7	0.123551
1	10	0.117631
1	10	0.187161
1	11	0.153562
1	4	0.148301
1	18	0.455665
1	9	0.186481
1	9	0.174112
1	8	0.169722
1	5	0.163801
1	1	0.194822
1	29	1.18123
4	28	1.05899
4	27	1.08844
4	24	0.877479
1	20	0.497724
4	21	0.593626
4	29	0.863788
4	20	0.497635
1	35	0.910509
1	30	0.761607
1	27	0.582566
1	12	0.211142
4	24	0.734478
4	22	0.585565
4	24	0.634046
1	25	0.627276
4	23	0.596466
4	25	0.614886
4	27	0.604755
4	21	0.457095
4	22	0.492704
1	18	0.411304
4	23	0.461365
4	24	0.456064
4	24	0.417754
4	24	0.526685
4	24	0.376244
4	16	0.290183
1	17	0.142561
1	11	0.128662
1	12	0.132911
1	12	0.116211
1	4	0.134661
4	21	0.464415
4	13	0.371973
4	21	0.592186
2	20	0.251382
1	12	0.113861
1	13	0.139541
1	10	0.126282
1	15	0.115521
1	14	0.113851
1	12	0.114781
1	15	0.112601
1	9	0.112431
1	10	0.112361
2	10	0.226903
1	12	0.145881
1	5	0.113781
1	7	0.109671
1	4	0.112331
1	4	0.138551
2	14	0.354803
1	15	0.106771
1	12	0.112932
1	14	0.114531
1	14	0.110881
1	10	0.109681
1	11	0.131831
1	12	0.121711
1	11	0.129832
1	6	0.122961
1	10	0.120751
1	6	0.121111
1	9	0.201622
1	10	0.180142
2	5	0.261712
4	12	0.310903
2	5	0.250783
1	11	0.187322
1	8	0.143791
1	4	0.213892
1	10	0.171022
1	10	0.157261
1	11	0.151611
1	9	0.145842
1	7	0.144611
1	6	0.141242
1	8	0.142921
1	8	0.142211
1	5	0.140972
1	5	0.148351
1	5	0.163872
4	52	11.9257
4	41	6.86778
4	53	7.63631
4	52	7.67073
4	50	7.8697
4	41	7.0175
4	57	8.2138
4	43	6.80693
4	54	8.04172
4	49	5.3263
4	37	3.90221
4	55	4.85537
4	43	4.20561
4	50	4.5292
4	34	3.80708
4	44	4.24798
4	52	4.71986
4	54	4.95991
4	48	4.41874
4	56	4.78217
4	51	7.59523
4	51	7.12867
4	38	6.12458
4	48	6.46014
4	46	6.37693
4	50	6.63789
4	42	6.21379
4	46	7.33311
4	51	8.68649
4	37	7.62942
4	43	5.57786
4	32	3.47918
4	50	3.81356
4	42	3.55584
4	34	3.5272
4	28	3.43084
4	43	3.50174
4	33	3.51424
4	37	3.32897
4	41	3.50903
4	28	5.1502
4	28	5.14308
4	31	5.40803
4	31	5.34292
4	34	5.53367
4	31	5.53946
4	32	5.26103
4	27	5.25222
4	29	5.20809
4	32	4.57826
4	42	3.83025
4	29	3.25895
4	35	3.23445
1	88	3.2086
4	47	4.39482
4	19	3.24148
4	43	3.9617
4	29	3.3591
4	17	2.92376
4	35	3.59266
4	16	6.37146
4	29	5.34056
4	20	4.95697
4	11	4.35538
4	35	5.77196
4	11	4.84901
4	26	5.28361
4	41	6.44144
4	29	5.49751
4	51	4.9706
4	48	4.15108
4	52	4.49617
4	47	4.16623
4	45	4.22704
4	51	4.39205
4	44	3.91666
4	47	3.96091
4	37	3.50928
4	48	3.85115
4	27	3.35862
4	23	6.55839
4	31	5.99271
4	29	5.73627
4	38	6.01962
4	37	5.85583
4	46	6.27597
4	48	6.72922
4	50	7.27556
4	38	6.03726
4	37	3.90185
4	46	4.13432
4	21	3.31932
4	32	3.66486
4	24	3.33001
4	18	3.14248
4	24	3.23621
4	30	3.67231
4	27	3.24979
4	33	3.5168
4	45	4.34288
4	32	6.06772
4	45	6.66345
4	16	5.43484
4	15	6.8146
4	15	6.15391
4	28	5.67914
4	23	5.28694
4	20	5.02386
4	17	4.94617
4	22	5.10112
4	27	3.86981
4	27	3.53944
4	19	3.13679
4	26	3.07255
4	21	2.9809
4	31	3.3742
4	19	3.07736
4	38	3.59632
4	33	3.34529
4	31	3.2272
4	37	7.14693
4	11	5.11439
4	9	4.36318
4	13	4.13255
4	10	4.37552
4	48	7.25684
4	47	8.78849
4	44	8.99392
4	48	6.16575
4	30	3.43586
4	31	3.42371
4	31	3.37886
4	26	3.26511
4	13	2.74339
4	47	4.25463
0	5	0.0008
4	29	3.83459
4	29	3.29455
4	25	3.7777
4	35	4.46516
4	31	6.2371
4	30	5.11934
4	40	5.57279
4	27	4.75143
4	37	5.88968
4	30	5.22278
4	34	5.40643
4	31	5.17983
4	26	4.83569
4	36	5.50283
4	29	5.52634
4	39	3.87318
4	42	3.64901
4	42	3.51365
4	48	4.01685
4	44	4.07432
4	46	4.07499
4	50	4.22233
4	43	3.77352
4	35	3.96246
4	26	5.56683
4	29	5.41453
4	34	5.93943
4	34	6.16993
4	28	5.508
4	39	6.47759
4	41	7.09256
4	34	5.8229
4	33	6.45482
4	43	5.47117
4	40	3.9965
4	39	4.1853
4	41	3.8974
4	43	4.00443
4	42	3.86119
4	27	3.13312
4	24	2.99594
4	24	3.07763
4	43	3.85416
4	32	3.30063
4	37	5.71115
4	41	6.29614
4	41	5.91083
4	46	6.22848
4	45	6.18728
4	43	6.14055
4	39	5.66749
4	40	5.76935
4	43	5.63076
4	28	5.07282
4	19	3.10797
4	30	3.57322
4	16	3.00611
4	36	3.40019
4	18	2.84219
4	20	2.82899
4	40	3.39592
4	26	2.90286
4	26	3.45072
4	26	3.42446
4	41	6.28166
4	35	6.6148
4	48	7.67297
4	44	7.79094
4	30	5.26256
4	31	5.58006
4	31	6.08135
4	43	6.49362
4	40	3.72315
4	45	3.8562
4	47	3.74104
4	44	3.57237
4	47	3.67835
4	44	3.45873
4	48	3.58864
4	38	3.42234
4	49	3.69266
4	37	3.11323
4	38	3.19388
4	29	3.02503
4	28	5.95502
4	19	4.24727
4	25	4.50262
4	10	3.636
4	35	4.80809
4	61	9.52925
4	68	11.3518
4	33	6.11491
4	51	5.13291
4	40	3.94802
4	64	6.27201
4	55	5.12052
4	39	3.83204
4	50	4.7352
4	49	4.71962
4	54	5.52142
4	68	6.73606
4	64	6.65323
4	53	4.98615
4	47	4.95035
4	38	3.97676
4	36	3.66486
4	35	3.93827
4	35	3.46231
4	41	4.44737
4	39	4.22282
4	66	6.11031
4	75	7.26124
4	69	6.84804
4	53	4.89046
4	68	6.07158
4	61	5.83758
4	73	7.18315
4	57	5.48371
4	73	7.38568
4	53	4.96763
4	67	6.30899
4	50	4.72239
4	54	4.93367
4	27	3.05599
4	29	3.06168
4	30	3.09264
4	28	3.02359
4	24	2.73671
4	28	2.85719
4	22	2.64958
4	22	2.97096
4	43	4.26385
4	28	3.00889
4	33	3.10011
4	35	3.16833
4	33	3.14205
4	40	3.32228
4	40	3.22715
4	38	3.175
4	42	3.2083
4	37	3.01416
4	42	4.00983
4	27	3.26927
4	35	3.51281
4	42	4.10927
4	40	4.03205
4	35	3.40083
4	44	4.25005
4	47	4.28878
4	57	5.1424
4	55	4.76265
4	63	5.62273
4	22	3.09663
4	13	2.89168
4	56	4.76975
4	51	4.62448
4	28	2.78379
4	34	2.87425
4	39	4.01943
4	29	2.91416
4	34	3.68263
4	34	4.55169
4	22	2.76959
4	34	2.84962
4	26	6.07308
4	27	5.58347
4	30	4.69956
4	27	5.77023
4	24	5.35829
4	25	5.19641
4	24	4.8203
4	20	3.81339
4	9	4.33114
4	20	4.8914
4	23	5.17338
4	16	4.63548
4	19	4.39972
4	20	2.39626
2	9	2.31113
4	22	2.44617
4	13	2.84415
4	56	5.31244
4	29	3.44539
4	43	4.49455
4	43	7.27147
4	48	7.96773
4	51	7.83108
4	74	14.0329
4	65	11.8084
4	70	9.18494
4	63	6.41727
4	69	6.30719
4	83	7.4986
4	73	6.33818
4	74	6.89207
4	67	6.07338
4	82	7.93076
4	68	6.09704
4	70	6.91706
4	69	6.62757
4	75	5.57139
4	45	4.22748
4	46	4.77008
4	55	4.91632
4	50	9.91988
4	50	7.55021
4	23	4.01092
4	23	3.95964
4	22	3.84003
4	23	3.77051
4	21	3.74071
4	21	3.6866
4	21	3.76041
4	20	3.3171
4	19	2.32299
4	15	2.60103
4	20	2.33854
4	23	2.31063
4	23	2.27458
4	20	2.28545
4	17	2.25598
4	13	2.17807
2	8	3.28904
1	6	1.09333
4	67	10.7328
4	89	17.2245
4	55	8.12318
4	80	11.7742
4	63	9.14075
4	74	8.77457
4	73	6.90287
4	89	8.66579
4	84	8.12086
4	70	6.70349
4	76	7.14594
4	92	8.7999
4	78	7.40267
4	80	6.66841
4	90	7.54535
4	79	6.84127
4	90	7.98251
4	76	6.52704
4	99	9.41142
4	82	7.43793
4	74	7.31024
4	86	8.15124
4	76	7.49581
4	68	6.30387
4	61	5.59058
4	87	8.01525
4	68	6.06317
4	50	4.25664
4	48	4.43829
4	37	3.50315
4	59	4.92512
4	39	4.00812
4	60	5.04057
4	59	5.12915
4	61	5.24424
4	59	4.76405
4	39	3.68489
4	60	5.04027
4	52	4.26228
4	58	4.54004
4	53	4.73965
4	37	3.33968
4	42	3.637
4	39	3.30123
4	38	3.02932
4	48	4.08817
4	67	5.7702
4	63	5.66034
4	59	5.23489
4	60	4.88419
4	78	6.87728
4	70	6.47878
4	59	5.02362
4	64	5.70466
4	62	5.12259
4	69	5.56067
4	63	4.75993
4	72	6.14409
4	63	4.86037
4	78	6.69174
4	75	6.80086
4	83	7.76628
4	83	7.45672
4	77	7.31337
4	83	7.63225
4	78	7.1184
4	89	8.07772
4	72	6.33274
4	87	7.78975
4	82	7.22013
4	84	7.29869
4	82	7.4843
4	82	7.3993
4	77	6.89012
4	45	3.7378
4	18	2.29565
4	17	2.2152
4	15	2.10987
4	24	2.36746
4	28	2.47702
4	25	2.31761
4	32	2.51886
4	33	2.56859
4	32	2.89981
4	27	2.59963
4	38	3.12138
4	14	2.38677
4	15	2.01871
4	42	3.26635
4	51	3.68685
4	7	3.5546
4	11	1.90434
4	17	2.31641
4	35	3.23886
4	24	3.01572
4	22	2.98385
4	47	4.40352
4	67	5.55906
4	57	4.87486
4	62	5.12638
4	67	9.23626
4	61	7.9298
4	61	8.70843
4	67	8.98202
4	42	5.89044
4	43	6.27264
4	46	7.53643
4	37	6.31872
4	46	5.67181
4	32	3.28904
4	31	2.61496
2	6	1.87013
4	66	5.35699
4	70	5.55281
4	78	6.06936
4	55	4.39184
4	34	3.6487
4	66	5.16976
4	69	5.27661
4	63	5.13965
4	66	9.04027
4	67	8.87847
4	74	12.2633
4	77	14.5008
4	74	10.6548
4	77	7.19225
4	72	5.72191
4	68	5.30908
4	71	5.8495
4	75	6.28945
4	76	5.84622
4	73	5.70245
4	78	6.01418
4	79	6.55507
4	48	3.81079
4	49	3.8861
4	45	3.41387
4	45	3.29144
4	47	3.41959
4	56	4.63104
4	47	3.47758
4	42	3.41104
4	34	2.67761
4	28	2.43154
4	70	5.96844
4	72	6.11146
4	68	5.96961
4	70	5.84951
4	70	5.57803
4	75	6.1327
4	77	6.15598
4	72	5.77949
4	73	5.76141
4	70	5.28037
4	77	6.48356
4	73	5.95655
4	73	5.78018
4	72	5.37628
4	78	5.7899
4	76	5.53337
4	62	8.34056
4	61	7.79042
4	62	7.9487
4	59	7.1702
4	61	8.04724
4	62	7.59811
4	65	6.5717
4	67	4.94458
4	57	4.62959
4	54	4.4003
4	68	5.12022
4	68	5.35951
4	65	4.54926
4	49	3.73828
4	63	4.87843
4	51	3.87707
4	61	4.53009
4	68	5.2365
4	61	4.43029
4	70	5.31526
4	39	3.34866
4	41	3.40929
4	58	4.87756
4	42	3.28415
4	65	5.28723
4	67	5.265
4	64	5.30185
4	66	5.09218
4	64	5.10457
4	66	5.13138
4	62	4.46108
4	61	4.3565
4	52	3.95477
4	54	4.08028
4	56	4.47847
4	45	3.22253
4	46	3.35023
4	45	3.01009
4	45	3.42277
4	35	2.73675
4	31	3.75611
4	26	3.38179
4	30	4.91698
4	24	3.79915
4	22	3.0176
4	25	3.15155
4	26	3.2887
4	33	4.27418
4	31	3.72704
4	62	8.37158
4	56	7.18163
4	52	6.38212
4	60	7.86671
4	59	6.86069
4	48	3.59121
4	48	3.48526
4	46	3.43131
4	58	4.74928
4	52	3.78612
4	58	4.47558
4	54	8.955
4	56	7.16242
4	57	9.87743
4	59	8.84141
4	60	7.32465
4	57	6.93821
4	28	3.38832
4	33	2.76132
4	33	2.6338
4	53	3.97394
4	62	4.60376
4	67	5.23137
4	62	4.76501
4	67	4.8414
4	67	4.82076
4	67	4.93877
4	67	4.80511
4	56	3.81378
4	79	5.49945
4	73	5.33127
4	59	7.55261
4	51	6.43535
4	55	6.99797
4	53	6.66188
4	55	6.41258
4	23	3.26506
4	12	2.85356
4	15	2.82059
4	17	4.18029
4	14	2.11445
4	14	2.03857
4	15	1.73563
2	8	1.72886
4	27	2.13877
4	24	2.29234
4	29	2.45848
4	48	3.50238
4	49	3.44484
4	57	4.11853
4	59	4.27846
4	52	8.42272
4	56	6.48039
4	57	6.52554
4	53	6.24889
4	51	6.6271
4	58	8.71974
4	51	8.29451
4	53	7.16015
4	61	5.04122
4	55	3.71319
4	63	4.10078
4	45	3.05969
4	65	4.02765
4	70	4.51143
4	61	4.11304
4	66	4.08384
4	59	4.13607
4	63	4.20321
4	64	4.52978
4	74	4.37666
4	60	6.97959
4	44	5.23378
4	23	4.6974
4	41	4.71805
4	43	4.92224
4	64	7.03436
4	50	5.50787
4	46	4.94095
4	37	5.36369
4	52	5.4388
4	17	2.65191
1	5	1.11015
4	53	5.11843
4	54	4.30314
4	52	4.0104
4	53	4.00477
4	57	4.18509
4	57	4.17756
4	58	4.05543
4	56	3.94211
4	45	5.81225
4	34	4.68731
4	41	4.86712
4	50	6.20132
4	14	2.82465
4	19	2.85328
4	55	6.66727
4	67	8.99648
4	70	9.00325
4	53	4.03936
4	65	5.2011
4	54	3.78754
4	52	3.83616
4	55	3.94999
4	58	3.97723
4	53	3.78757
4	65	4.74425
4	58	4.07141
4	61	4.24312
4	57	4.2199
4	56	7.14585
4	50	6.17832
4	56	6.34755
4	55	6.17349
4	65	8.41512
4	54	6.32372
4	68	8.52028
4	67	8.68562
4	63	5.01664
4	71	5.47479
4	69	5.21025
4	72	5.50171
4	65	4.77145
4	76	5.54449
4	68	4.86289
4	66	4.6789
4	69	4.8684
4	61	4.31412
4	63	4.34481
4	67	4.68804
4	60	6.24379
4	52	3.70724
4	57	3.86079
4	66	4.76823
4	49	3.38901
4	51	3.43113
4	55	3.5771
4	65	4.15978
4	66	3.99328
4	46	3.50264
4	21	2.01851
4	44	3.31797
4	21	1.93257
4	52	3.84162
4	22	1.82259
4	36	2.64278
4	24	1.83686
4	63	4.54443
4	78	5.92173
4	73	5.57907
4	64	7.94561
4	62	7.73248
4	77	10.0221
4	55	6.36029
4	54	6.95226
4	84	13.2813
4	74	10.6895
4	76	6.21389
4	60	3.99587
4	71	4.60713
4	76	5.42757
4	41	2.93379
4	43	2.89539
4	35	2.6435
4	73	5.02078
4	74	4.88286
4	73	4.84633
4	37	2.92362
4	63	4.07869
4	82	5.67191
4	72	5.66982
4	69	5.33238
4	64	4.61596
4	60	4.20089
4	63	4.59779
4	62	4.23653
4	74	5.30195
4	67	4.60846
4	61	4.19516
4	61	3.98256
4	64	4.09974
4	63	4.15213
4	71	4.39404
4	72	4.38832
4	71	4.39923
4	60	3.77764
4	57	3.66075
4	53	3.48345
4	64	3.87763
4	57	3.6575
1	2	1.52207
4	54	6.55992
4	42	4.27261
4	50	4.41094
4	53	5.33998
4	57	5.64277
4	40	3.86077
4	64	5.97649
4	61	5.84147
4	58	5.75533
4	54	5.6783
4	66	6.31144
4	52	4.72994
4	36	3.11589
4	47	4.21671
4	49	3.01704
4	57	3.01202
4	50	2.67309
4	33	1.66365
4	38	1.78567
4	34	3.89406
4	53	5.18789
4	52	5.27094
4	51	5.41834
4	39	5.36533
4	53	6.96701
4	48	4.88284
4	55	5.63587
4	56	7.49127
4	56	7.16522
4	54	7.1107
4	60	6.76317
4	62	3.92925
4	59	3.29146
4	54	2.79332
4	55	2.85638
4	58	2.9632
4	62	3.17249
4	49	2.51543
4	8	1.16673
4	48	6.51411
4	45	4.53972
4	29	2.92976
4	15	2.07604
4	30	2.96042
4	34	3.39264
1	1	1.23974
4	56	7.11343
4	58	6.20583
4	57	5.7398
4	57	5.46738
4	58	5.27852
4	62	5.47496
4	62	4.15011
4	60	3.57953
4	65	4.62181
4	68	5.00632
4	31	2.49248
4	53	3.96852
4	60	4.26055
4	55	6.80753
4	28	3.81915
4	56	10.176
4	62	8.05382
4	63	6.5076
4	67	9.55888
4	63	8.38833
4	64	7.93006
4	61	3.84934
4	63	3.7378
4	68	4.45119
4	71	4.57403
4	58	3.26015
4	55	3.07405
4	54	3.07232
4	54	3.21135
4	59	3.2696
4	58	3.2354
4	55	2.97613
4	56	3.18535
4	48	6.22404
4	50	4.84642
4	41	4.11201
4	45	4.5003
4	54	5.19676
4	56	6.47563
4	55	6.75162
4	55	6.72713
4	53	5.62847
4	55	4.98823
4	51	4.90011
4	50	3.00116
4	61	4.37624
4	69	4.75643
4	59	3.80685
4	65	4.33192
4	62	3.89983
4	62	3.88861
4	68	4.34961
4	60	3.9206
4	50	5.1717
4	57	5.92401
4	45	4.70155
4	50	4.75997
4	51	4.50468
4	46	4.15894
4	51	5.11724
4	47	5.77
4	48	5.55254
4	53	3.64098
4	53	2.74368
4	44	2.56868
4	49	2.56705
4	49	2.58014
4	53	2.694
4	53	2.65536
4	36	2.05806
4	34	1.95325
4	41	2.27672
4	57	3.88244
4	49	5.63307
4	64	6.47789
4	62	6.28391
4	62	8.04046
4	49	6.42381
4	19	2.64667
4	23	2.87467
4	67	7.13386
4	67	8.7751
4	70	8.78446
4	66	7.57755
4	61	3.6321
4	72	4.45482
4	53	3.06308
4	70	4.15782
4	65	3.77767
4	52	2.94995
4	70	3.70731
4	71	3.7523
4	76	4.15263
4	52	6.65364
4	50	4.70515
4	48	4.48201
4	50	4.54419
4	48	4.50278
4	41	3.37635
4	40	4.22019
4	41	4.32334
4	41	4.62233
4	53	6.17249
4	46	5.15438
4	41	3.24292
4	41	2.46754
4	36	2.17895
4	43	2.02415
4	47	2.63638
4	48	2.87562
4	48	2.75603
4	53	2.94013
4	52	2.62084
4	44	5.05208
4	39	3.42546
4	40	3.16839
4	38	2.96183
4	38	2.96933
4	42	3.56261
4	38	3.15047
4	49	4.04368
4	44	3.50164
4	38	2.91427
4	39	2.95934
4	39	2.94266
4	39	2.79117
4	48	3.88256
4	47	4.09802
4	50	4.13479
4	49	4.22267
4	55	4.72077
4	49	3.59607
4	47	2.40887
4	45	3.91002
4	35	3.0793
4	29	2.70592
4	23	2.07795
4	36	2.93557
4	36	2.97113
4	47	4.11132
4	45	3.67562
4	40	3.18705
4	44	3.333
4	34	2.502
4	28	2.09371
4	17	1.65437
4	23	2.0562
4	32	2.46664
4	42	2.99156
4	47	3.62868
4	49	3.75534
4	47	3.97546
4	52	3.88311
4	40	3.4985
4	42	3.56962
4	40	2.93202
4	45	3.47333
4	50	3.55043
4	48	3.70785
4	41	2.8988
4	45	3.30861
4	36	2.67751
4	33	2.5621
4	24	2.17782
4	42	3.92525
4	41	4.03053
4	15	2.10946
4	21	2.33997
2	4	1.73378
4	12	1.81265
4	7	1.64318
4	17	1.90055
4	51	4.47915
4	36	3.82422
4	40	3.87432
4	34	2.48153
4	37	2.5717
4	39	2.59797
4	40	2.70782
4	38	2.73191
4	38	2.71794
4	55	5.9176
4	51	6.57974
4	47	5.70953
4	51	6.12392
4	46	4.11955
4	46	3.95334
4	54	4.70078
4	44	3.64503
4	52	4.22574
4	49	3.29991
4	44	2.19367
4	48	2.30994
4	14	2.59507
4	28	3.53085
4	42	3.98915
4	13	1.73001
4	31	2.58166
4	35	2.32515
4	33	2.3328
4	32	2.56861
4	36	2.57335
4	33	2.45613
4	32	2.36528
4	33	2.37975
4	35	2.31714
4	38	2.58457
4	40	2.73025
4	33	2.43383
4	36	3.22103
4	35	3.34827
4	37	3.3608
4	33	2.9344
4	36	3.38989
4	33	3.13533
4	33	2.36225
4	36	2.43691
4	34	2.76688
4	39	2.6107
4	37	2.68829
4	42	3.77689
4	37	3.09365
4	40	3.36205
4	27	2.15008
4	31	2.21023
4	31	2.13233
4	29	2.16544
4	26	2.10028
4	31	2.24837
4	29	2.29898
4	32	2.14516
4	39	2.28455
4	33	2.86888
4	26	2.56079
4	20	1.81683
4	23	1.93041
4	16	1.5735
4	41	3.50057
4	36	3.239
4	30	2.12725
4	32	2.54449
4	35	2.79008
4	35	2.76036
4	40	3.16888
4	44	3.29993
4	41	3.02004
4	45	3.45253
4	19	1.7404
4	45	3.72001
4	42	3.61538
4	40	3.25223
4	47	3.75249
4	48	3.66087
4	36	3.0918
4	35	2.96422
4	42	3.89204
4	41	3.36378
4	37	2.92366
4	26	2.30139
4	21	2.01516
4	36	3.34107
4	36	2.9734
4	39	3.05352
4	39	3.04183
4	39	2.93514
4	41	3.7236
4	41	3.43036
4	31	2.34147
4	29	1.87394
4	33	2.04656
4	37	3.32595
4	35	2.20562
4	31	2.03962
4	28	1.86005
4	33	1.94072
4	30	1.81582
4	30	1.82325
4	29	1.74567
4	14	1.77468
4	25	1.55173
4	8	1.04773
4	20	1.46711
4	21	1.07983
4	30	1.62739
4	28	1.64382
4	28	1.60018
4	31	1.66182
4	32	1.65309
4	30	1.49452
4	29	1.4838
4	32	1.53961
4	28	1.53679
4	27	1.22233
4	14	1.20712
1	2	0.530305
4	20	1.25642
4	25	1.547
4	25	1.58828
4	38	3.44295
4	45	4.16628
4	41	3.41273
4	41	3.48942
4	33	2.51512
4	40	3.33927
4	40	3.14772
4	42	3.89797
4	46	5.26644
4	32	3.0884
4	40	4.23265
4	47	5.49879
4	42	4.07513
4	43	3.5177
4	41	2.98406
4	42	4.12023
4	46	4.41094
4	47	4.46909
4	43	3.69385
4	25	1.62457
4	25	1.56688
4	20	1.27416
4	30	2.1107
4	37	2.77385
4	29	1.8329
4	30	2.04238
4	28	1.79906
4	23	1.48189
4	18	1.23735
4	40	3.75716
4	43	3.71606
4	45	4.20785
4	45	4.0751
4	39	3.32916
4	53	4.71669
4	39	3.71361
4	47	4.93408
4	47	4.01086
4	14	1.08993
4	14	1.15255
4	24	1.48283
4	19	1.16428
4	48	4.04409
4	46	4.00344
4	42	3.03583
4	51	3.98371
4	36	3.13729
4	34	2.90377
4	44	3.83829
4	31	2.3726
4	27	2.20012
4	41	4.72545
4	48	5.60521
4	30	2.9783
4	45	5.66028
4	41	3.78994
4	46	4.7432
4	42	3.73323
4	53	4.50517
4	46	3.98243
4	51	4.62665
4	39	3.44692
4	32	2.6227
4	28	2.08057
4	45	3.68243
4	7	1.40807
4	36	2.78986
4	28	2.01707
4	35	2.58811
4	56	4.70302
4	59	4.97802
4	54	4.48857
4	51	4.0913
4	46	3.61722
4	48	2.59466
4	40	3.3103
4	42	3.72316
4	46	4.59601
4	51	4.37415
4	50	4.68847
4	57	5.2014
4	55	5.12682
4	40	3.28855
4	39	2.94319
4	43	3.13012
4	50	3.58374
4	16	1.13144
4	16	1.05463
4	15	1.06852
4	15	1.04559
4	13	1.1974
4	11	1.50695
4	53	5.27868
4	58	5.95543
4	58	5.53479
4	51	4.84995
4	55	5.53286
4	47	4.13657
4	49	4.09172
4	51	4.32817
4	56	5.07524
4	55	4.85902
4	59	5.26513
4	60	4.94527
4	58	4.99094
4	31	2.42084
4	53	4.93817
4	53	4.77897
4	56	4.39346
4	55	4.27346
4	53	3.56031
4	51	2.36195
4	40	1.78072
4	50	2.20502
4	50	2.08052
4	50	3.71118
4	20	1.97555
4	27	1.7752
4	51	3.71385
4	57	4.07506
4	57	3.5317
4	50	2.99775
4	58	4.39626
4	27	2.05593
4	34	1.96861
1	3	0.447544
4	9	2.6995
4	53	4.88042
4	59	5.6351
4	57	5.38198
4	61	4.9597
4	59	4.68884
4	63	4.84314
4	61	4.89698
4	64	2.94917
4	50	3.8398
4	48	3.35497
4	45	2.61075
4	50	2.78955
1	2	0.433264
4	44	2.76207
4	38	2.105
4	39	2.28496
4	44	2.44895
4	48	2.7159
4	49	2.81109
4	31	2.28123
4	50	4.02259
4	47	3.71013
4	39	3.00234
4	34	2.29287
4	37	2.58142
4	52	4.44709
4	47	4.29072
4	59	5.0122
4	54	6.17103
4	53	4.2808
4	49	4.06719
4	47	4.06579
4	49	5.0417
4	24	2.14671
4	15	1.83518
4	25	1.58905
4	24	1.52907
4	52	4.42418
4	60	4.84359
4	59	4.89408
4	16	1.0515
4	16	1.07546
4	55	4.44513
4	61	4.88499
4	50	3.86975
4	63	4.4203
4	45	1.84459
4	40	1.5028
4	44	3.1142
4	38	2.32212
4	29	2.0147
4	34	2.44299
4	20	1.33813
4	34	2.29551
4	38	2.31933
4	13	1.06515
4	34	2.19247
4	37	2.51599
1	5	0.450114
4	12	1.37391
4	41	2.29411
4	40	2.18784
4	16	1.15379
4	23	1.31265
4	25	1.21579
4	37	2.13859
4	46	3.30818
4	50	4.96586
4	44	3.37698
4	46	3.68212
4	45	3.58172
4	51	3.96519
4	48	3.3996
4	45	3.0445
4	56	4.24595
4	59	4.39339
4	59	4.45727
4	51	3.76681
4	56	3.83445
4	36	2.18539
4	37	2.34533
4	37	2.35281
4	18	1.10213
4	54	3.47044
4	61	4.07429
4	62	4.84368
4	54	4.64819
4	45	3.42307
4	54	4.94457
4	36	2.84184
4	41	2.48611
4	43	2.6888
4	39	2.2922
4	44	3.0362
4	49	3.37177
4	47	3.04076
4	48	2.76097
4	39	2.3391
4	53	3.51895
4	49	3.12565
4	38	2.11872
4	26	1.62214
4	34	2.08715
4	43	2.66316
4	25	1.55558
4	31	1.96657
4	38	1.85389
4	26	1.50316
4	26	1.75336
4	27	1.79057
4	18	1.19931
4	19	1.21701
4	26	1.57176
4	26	1.1332
4	28	1.31822
4	28	1.23053
4	28	1.46251
4	31	1.63109
4	29	1.27856
4	18	0.770407
4	47	2.93732
4	45	2.73533
4	39	2.18232
4	49	2.6713
4	49	3.06955
4	35	1.64208
4	39	2.01443
4	47	2.91258
4	36	2.84442
4	15	1.08634
4	14	0.983469
4	11	0.883499
4	9	0.998309
4	18	1.4304
4	16	1.40163
4	38	2.44658
4	31	1.69919
4	36	1.70372
4	41	2.04872
4	42	2.25883
4	11	0.848768
4	43	3.1514
4	48	3.16428
4	42	2.69247
4	42	2.36461
4	30	1.70377
4	32	1.73373
4	43	2.13492
4	32	2.0814
4	35	1.89033
4	18	1.08818
4	19	1.00135
4	21	0.9983
4	17	1.0482
4	12	1.13232
1	6	0.333613
4	29	1.51712
4	37	1.84177
4	31	1.61677
4	22	0.969749
4	21	0.714426
4	24	1.07871
4	35	1.69568
4	36	1.6992
4	30	1.44561
4	35	1.56713
4	20	1.1391
4	14	0.853038
4	25	1.66407
4	29	1.7552
4	29	1.70838
4	25	1.37087
4	26	1.17603
4	26	1.16575
4	23	1.04192
4	27	1.15834
4	27	1.18421
4	29	1.0346
4	26	1.01791
4	27	0.944959
4	27	0.709287
4	21	0.931309
4	20	0.934958
4	20	0.880329
4	12	0.726386
4	8	0.615276
4	11	0.716907
4	7	0.732867
4	9	0.980339
4	11	0.670157
4	11	0.627896
4	17	0.742416
4	16	0.671297
4	18	0.684326
4	17	0.765577
4	14	0.739107
4	13	0.733247
4	16	0.751847
4	13	1.09705
4	15	0.600686
4	12	0.688836
3	9	0.635336
2	7	0.509765
4	11	0.825908
1	4	0.291482
4	21	1.63336
4	22	1.7269
4	28	1.61424
4	15	1.23948
4	38	2.65326
4	30	2.14508
4	32	2.08972
4	27	1.92248
4	26	1.71869
4	29	1.89074
4	23	1.68332
4	13	1.04851
4	25	1.44233
4	30	1.82678
4	50	3.15271
4	37	2.29891
4	40	2.35605
4	36	2.00775
4	46	2.87466
4	47	2.67643
4	38	1.87448
4	44	2.98879
4	38	2.951
4	45	3.13051
4	39	2.57075
4	36	2.56164
4	38	2.48583
4	41	2.52697
4	21	1.32477
4	27	1.62714
4	28	1.21218
4	39	2.14945
4	35	1.80058
4	21	1.05662
4	41	2.36046
4	48	3.04909
4	38	2.24185
4	49	2.9747
4	41	2.28576
4	40	1.90618
4	48	2.72485
4	41	2.10057
4	45	2.30272
4	33	2.02373
4	37	2.14062
4	21	1.11328
4	21	1.03716
4	22	1.10647
4	21	1.08295
4	38	2.29142
4	35	2.08209
4	34	1.96303
4	18	1.10979
4	23	1.02565
4	35	1.81808
4	25	1.26178
4	9	1.14408
4	20	0.973559
4	20	0.921589
4	19	0.919108
4	18	0.870338
4	23	1.07768
4	27	1.16078
4	14	0.839278
4	19	1.0038
4	27	1.39712
4	32	1.699
4	25	1.1602
4	30	1.40885
4	26	1.1351
4	43	2.13519
4	36	1.86076
4	43	2.03729
4	38	1.7624
4	17	0.550295
4	12	0.575426
4	42	2.20913
4	39	1.81714
4	40	1.85209
4	30	1.29559
4	36	1.61758
4	36	1.50386
4	43	1.78507
4	30	1.27248
4	33	1.41264
4	19	0.890379
4	21	0.943308
4	34	1.4812
4	9	0.556305
4	9	0.599016
4	16	0.820488
4	27	1.16972
4	31	1.35736
4	31	1.41043
4	37	1.58398
4	38	1.66369
4	34	1.18303
4	31	1.16449
2	8	0.492854
4	34	1.4183
4	32	1.20923
4	34	1.4506
4	32	1.24472
2	5	0.529065
1	1	0.255462
2	5	0.479665
4	12	0.493654
4	26	0.892369
4	13	0.553675
4	26	1.02918
4	30	1.29374
4	28	1.09944
4	37	1.80581
4	20	0.762577
4	33	1.42287
4	36	1.62163
4	21	0.824668
4	33	1.37978
4	29	1.3509
4	26	0.836198
4	7	0.420624
4	20	0.931649
2	6	0.454324
4	30	1.82666
4	22	1.48898
4	24	1.50094
4	30	1.77685
4	35	1.58015
4	32	1.36894
4	18	0.832347
4	24	1.17797
4	29	1.33374
4	35	1.42486
4	37	1.32222
4	31	1.0494
4	21	0.893479
4	36	1.37781
4	34	1.3594
4	35	1.38637
4	32	1.26658
4	38	1.47861
4	26	0.933178
4	34	1.13253
4	29	1.43555
4	29	1.4042
4	32	1.41476
4	9	0.701567
4	23	0.906028
4	18	0.789478
4	30	1.04602
4	32	1.06505
4	25	0.766177
4	25	0.830688
4	21	0.826798
4	21	0.630666
4	20	0.771647
4	30	0.916519
4	27	0.834777
4	26	0.828918
4	13	0.391444
2	6	0.309823
4	15	0.374663
4	21	0.557745
4	18	0.561455
4	21	0.663006
4	23	0.726747
4	22	0.660466
4	22	0.605456
4	12	0.785887
4	14	0.668687
4	21	0.707436
4	21	0.611176
4	22	0.598105
4	20	0.502875
4	21	0.617566
2	10	0.434114
0	5	0.00083
4	20	0.545245
4	17	0.511895
4	14	0.461474
4	15	0.457124
4	12	0.415894
4	14	0.420064
4	4	0.376234
4	7	0.915038
1	1	0.179592
1	2	0.171292
1	3	0.172551
1	2	0.165052

5	177	47.422
5	177	29.4804
5	158	25.2106
5	171	28.2454
5	136	21.228
5	133	20.6504
5	124	18.4996
5	156	25.4386
5	137	21.231
5	158	25.303
5	163	24.9853
5	164	25.0722
5	148	23.2023
5	168	26.3405
1	118	18.8462
1	110	17.6784
5	164	25.3089
5	157	23.7638
5	164	24.582
5	131	20.221
5	159	44.7615
5	134	31.9852
5	126	18.7795
5	146	21.9789
5	144	21.7453
5	133	18.854
5	109	14.6741
5	132	18.9495
5	122	17.2582
1	97	14.0598
5	124	19.2521
5	145	21.5708
5	174	36.9359
5	142	19.9752
1	70	9.93073
1	111	14.5077
1	95	12.9179
5	136	19.5202
5	110	14.8343
1	148	20.9365
1	36	2.05631
1	94	12.3496
1	75	10.0988
1	50	7.3027
1	105	11.2854
5	160	34.7809
5	152	22.3027
1	97	15.2288
1	92	13.7305
5	113	16.6151
5	134	18.5627
5	135	19.3416
5	102	14.683
5	122	17.3456
5	139	18.9284
1	95	14.6942
1	100	15.3252
1	84	12.3571
1	93	13.8944
1	100	14.8271
1	89	14.1004
1	92	14.4809
1	84	12.3924
1	90	14.0606
1	91	14.1982
1	93	13.7718
1	81	11.9745
1	76	11.561
1	90	14.1383
1	89	13.5371
1	88	13.7498
1	91	13.9299
5	191	31.2149
1	87	8.38823
2	113	11.5553
5	108	14.4037
5	108	13.6157
5	135	17.1669
5	105	13.8657
5	122	15.3952
1	69	9.90836
5	196	29.4897
5	110	13.1729
5	126	15.859
5	121	15.2318
5	104	12.6261
5	117	14.4044
5	103	12.5746
5	123	15.4389
5	130	15.1366
5	121	14.6548
5	109	12.554
5	129	14.0571
5	99	11.2465
5	126	14.7782
5	111	13.2422
5	110	12.6513
5	126	14.5229
5	102	11.6448
5	104	10.9085
5	197	25.5414
5	109	12.3831
5	123	13.3815
5	98	10.6004
5	120	12.9393
5	108	12.0382
5	118	12.8058
5	114	11.2927
5	111	12.2112
1	104	6.12872
5	110	11.793
5	209	24.0736
5	123	12.3256
5	107	11.1954
5	116	11.8335
5	104	9.93693
5	127	12.0392
5	125	11.935
5	222	23.3721
5	124	11.7781
5	104	9.52541
5	88	8.24198
5	83	7.89445
5	214	20.282
5	88	7.58771
5	221	20.1059
5	89	7.4369
5	108	9.26731
5	102	8.07357
5	85	6.79375
5	92	7.19548
5	95	7.84018
5	90	7.57514
5	99	8.51687
5	98	7.72453
5	229	19.0489
5	114	9.4369
5	95	7.03886
5	91	6.61805
5	244	18.534
5	83	5.83926
5	74	5.58254
5	86	6.01412
5	76	5.05494
5	84	6.11178
5	84	6.00979
5	82	6.0095
5	79	5.18728
5	243	15.8289
5	76	4.81329
5	83	5.13617
5	77	4.83132
5	90	7.01075
5	99	7.37637
5	80	4.87368
5	84	4.91836
5	86	4.62812
5	100	7.69981
5	85	4.73844
5	86	4.90371
5	80	5.22077
5	96	6.79742
5	67	3.76219
5	67	3.89079
5	79	4.59572
5	68	3.47673
5	81	4.72276
5	85	5.72209
5	82	5.03219
5	67	3.56661
5	233	12.3011
5	71	3.69863
5	65	3.41939
5	88	5.50946
5	68	3.00097
5	77	4.05021
5	66	2.56337
5	73	2.72728
5	75	5.08674
5	80	5.34001
5	81	7.3481
5	69	4.71586
5	68	4.15997
1	78	4.73925
1	38	1.92794
1	38	1.8332
1	42	2.61237
1	35	2.00444
1	40	2.54119
1	51	3.4483
1	42	2.60277
1	49	3.1112
2	53	2.5644
5	85	5.7022
5	64	3.63283
5	95	6.55459
5	95	6.32774
5	74	4.57672
5	82	5.24134
5	89	5.24269
5	69	6.24331
5	77	7.39962
5	64	5.25345
5	66	5.43496
5	68	5.50345
5	86	8.7231
5	88	8.2556
5	60	4.96999
5	63	5.10125
5	69	5.39448
5	60	4.79452
5	62	3.21487
5	53	2.3578
5	52	2.70402
1	36	1.57784
1	31	1.51887
1	34	1.49249
1	33	1.66154
1	36	1.67528
1	37	1.44197
1	33	2.24714
1	30	2.35193
1	37	2.57991
5	47	3.6993
2	41	2.60994
5	53	5.15257
5	43	4.28824
2	36	3.2373
2	38	2.85587
5	58	4.88699
5	48	3.23013
1	33	2.43108
5	55	3.16509
5	47	3.45239
5	50	2.7923
5	62	4.4071
5	43	3.07602
5	54	3.93416
5	60	4.26491
5	46	2.81269
5	44	3.10465
5	48	2.95627
5	40	2.86744
5	45	2.90994
1	31	2.16281
1	31	1.91347
5	55	4.41136
5	59	5.0484
5	55	4.25494
5	57	4.68948
1	96	6.1516
1	28	1.63765
1	45	2.90007
1	23	1.48736
1	38	3.26238
1	38	2.89859
1	35	3.21743
1	33	2.38703
1	33	2.87151
5	52	4.5548
5	41	3.23493
5	47	4.07893
5	43	2.80767
5	49	3.45568
5	44	3.27512
5	49	2.59882
5	52	2.8242
5	42	2.73678
5	42	2.66408
5	42	2.28631
5	40	2.15744
5	41	2.07534
5	45	2.11959
1	69	4.03201
1	34	1.61155
1	31	1.51496
1	30	1.8143
1	28	1.68698
5	42	3.27419
1	30	1.89398
5	40	2.882
5	44	2.54996
5	45	2.55171
5	41	2.54885
5	46	2.79732
5	47	2.46218
5	43	2.35874
5	47	2.30071
1	28	1.30562
1	26	1.15935
1	25	1.19583
2	29	1.70292
5	26	1.63008
5	29	1.68922
1	25	1.07896
5	41	3.33522
5	33	1.86283
5	41	1.67239
5	32	2.04373
5	57	6.01644
1	42	3.41581
5	45	4.04949
5	57	5.24193
1	30	1.73461
1	34	2.14402
1	30	2.15581
1	38	3.06894
5	50	4.69753
2	38	3.09783
5	49	4.16017
5	50	3.36422
5	69	5.1216
5	51	2.96221
5	28	1.50366
1	27	1.32089
1	32	1.6594
5	45	2.87107
1	29	1.17663
5	45	2.68428
5	47	3.42376
5	47	4.18188
1	41	3.71513
1	35	2.23945
5	80	7.90606
2	48	3.94207
5	74	7.98636
1	35	2.25806
5	88	7.68746
5	79	6.7943
5	42	3.90091
5	82	8.65851
5	83	8.89258
5	81	5.21308
5	43	1.94203
5	47	2.13366
5	34	1.48689
5	40	1.76249
1	22	0.729525
2	27	1.11569
2	27	1.12849
5	34	2.6821
1	18	1.42052
1	20	1.14589
5	25	2.67608
1	19	1.01184
1	46	4.30355
1	35	2.71866
1	36	2.56156
5	47	5.04276
5	42	4.48943
5	66	6.40112
5	62	4.99704
1	21	0.891445
1	42	1.11087
1	65	5.98234
1	36	3.26387
5	65	6.74841
5	56	2.63056
5	53	2.17986
5	48	1.92322
5	49	3.5455
5	50	3.44497
5	58	4.50221
1	130	8.84011
1	20	1.42743
1	29	1.83422
5	37	2.08399
5	35	2.54099
1	15	0.878476
1	17	1.02556
1	14	0.917666
5	27	1.88485
5	37	2.68204
1	18	1.3399
5	44	2.45895
1	37	3.03614
1	12	0.695574
1	13	0.941777
1	10	0.822445
1	14	1.10748
1	14	0.818946
1	14	0.762495
1	34	2.10242
5	15	1.52585
1	43	3.03277
1	17	0.842985
1	21	1.00047
1	21	1.23012
5	44	3.13044
5	45	2.3903
1	36	2.91351
1	42	4.10886
1	34	2.26835
1	26	1.8562
1	37	3.08466
5	71	5.88942
5	83	6.77909
5	57	4.45947
5	72	5.56765
5	78	5.81124
1	14	0.637315
5	23	1.57048
1	17	0.896486
5	26	1.41529
0	17	0.214342
5	26	1.26973
1	42	3.29786
1	21	1.03748
5	28	1.50578
5	33	2.39458
1	20	0.780056
1	17	0.671584
1	17	0.555304
3	25	1.2209
3	26	1.15642
3	18	1.00253
1	15	0.590964
1	18	0.689985
1	12	0.603184
5	28	2.24183
5	49	5.03072
5	52	4.55438
5	45	4.25475
5	43	3.98683
5	45	4.47307
5	58	4.48139
5	38	2.56801
5	31	1.92131
5	36	2.40457
5	32	1.89703
5	38	2.37487
1	37	3.04531
1	26	1.27783
1	24	1.51601
5	55	4.04015
5	35	3.14823
5	42	3.42042
1	21	1.43534
1	27	1.57535
1	29	2.24695
1	35	3.26827
1	22	1.83403
5	38	2.83395
5	38	2.74112
5	54	5.10293
5	57	4.55893
1	38	3.33168
1	35	2.86147
1	45	3.84564
1	29	1.92736
1	35	3.20955
1	42	4.65541
1	45	5.16476
1	31	2.95534
1	22	1.00936
1	17	1.02876
1	17	0.884326
1	14	1.3954
1	12	0.849475
1	33	2.6558
1	19	1.26097
1	19	1.29547
1	25	2.18382
1	25	2.21394
1	23	2.03916
1	29	2.62775
1	19	1.27542
5	40	2.83738
5	37	3.48004
5	50	3.87775
5	52	4.24293
5	35	1.95427
5	51	3.8184
5	47	2.8258
5	49	2.44576
5	40	2.29493
1	49	2.91129
1	28	1.70816
5	51	3.68454
5	50	3.74198
1	22	1.40847
1	16	1.13824
1	21	1.32846
5	39	3.19862
5	39	2.34729
5	37	2.30423
3	32	1.31396
1	18	0.769806
1	17	0.606804
1	17	0.536113
1	24	1.09501
1	20	0.964287
1	19	1.04053
5	38	2.4655
5	42	1.94854
1	30	2.02402
1	36	3.67185
1	32	3.17018
5	55	5.58739
5	53	4.78565
1	27	2.14261
1	22	1.64559
5	49	4.54975
5	63	5.82686
5	56	3.65026
5	62	4.02408
2	48	3.56027
1	31	2.96203
1	41	4.13995
1	37	3.64525
1	40	4.04408
1	36	2.86285
1	41	2.86543
1	14	0.544824
1	20	0.733715
1	24	1.11057
1	34	2.17132
5	55	3.85283
1	28	1.70085
5	46	2.56755
5	30	1.94595
1	27	1.37048
5	41	2.37456
5	44	2.77121
5	32	1.91059
5	31	1.56932
5	44	3.10855
3	23	1.02925
5	42	2.07784
5	43	1.75715
3	30	1.15388
3	24	1.04032
1	31	1.75588
1	36	2.18086
5	55	3.41651
1	31	1.98228
1	28	1.4777
5	44	2.43261
5	48	2.62797
1	36	1.84896
5	43	2.85476
5	49	2.98751
1	37	2.02201
5	50	2.83053
1	32	1.45265
1	27	1.33059
1	17	0.566984
1	14	0.542173
5	28	1.63647
1	18	0.732765
1	38	2.26248
1	18	0.496783
1	16	0.567164
1	18	0.574774
1	17	0.537493
1	20	0.567774
1	18	0.555884
3	11	0.890286
1	18	0.672034
3	13	0.860916
3	12	0.916956
1	14	0.567494
1	15	0.471203
1	10	0.792496
1	11	0.455633
1	12	0.500203
1	19	0.581454
1	16	0.567863
1	15	0.574414
1	9	0.485113
1	19	0.671024
1	22	0.878626
1	18	0.504883
1	17	0.385523
1	19	0.619194
1	23	1.3692
1	22	0.892126
3	19	0.936656
1	9	0.482393
1	13	0.532364
1	14	0.592124
5	54	3.02273
5	45	2.29076
1	27	1.68967
5	48	2.37084
5	53	3.13389
5	29	1.29164
5	52	2.39653
2	41	1.6111
1	33	1.73294
5	49	2.85999
5	53	3.5951
1	28	1.44398
5	53	3.30464
5	54	2.63151
5	52	2.40782
2	36	1.58405
1	14	0.523383
1	26	1.61876
1	18	0.483053
1	19	0.377572
1	14	0.305502
1	13	0.389743
1	12	0.463453
1	13	0.450833
1	12	0.443873
1	17	0.573224
1	17	0.564504
1	14	1.10515
1	14	0.680225
1	12	0.705264
1	13	0.725185
1	11	0.729675
1	14	0.720395
1	10	0.660194
5	41	3.65177
5	39	2.6861
5	40	2.1865
1	24	1.54903
1	22	1.55301
1	15	0.700975
1	13	0.622864
1	18	0.878826
1	17	0.630904
1	20	0.839896
5	23	1.08532
5	18	0.960576
5	20	0.848246
1	14	0.477693
1	14	0.487813
1	13	0.472783
1	25	0.646145
1	16	0.445383
5	43	3.00779
5	47	3.28754
1	20	0.964437
5	27	1.45573
1	21	0.990157
1	19	0.937886
1	19	1.11393
1	21	1.41094
1	22	1.04296
1	15	0.410873
5	45	2.03944
5	23	0.783575
5	48	2.80368
5	47	3.07398
5	50	2.89515
1	21	0.703044
1	13	0.370933
1	18	0.704244
1	16	0.756255
1	19	0.830806
5	41	2.1943
5	46	2.26555
1	20	1.0196
1	21	1.068
1	18	0.655794
1	24	1.17345
1	25	1.4361
1	17	0.697444
1	18	1.14244
5	36	2.24383
5	42	1.87047
5	35	2.15172
5	27	2.06553
1	27	1.54761
5	48	2.71418
5	36	1.9435
5	42	2.54121
5	47	2.37384
1	31	1.6562
5	28	1.69073
5	37	2.26011
5	40	2.32055
5	43	1.96487
5	16	1.41065
1	26	1.21307
1	34	1.53472
1	29	1.47115
1	28	1.548
5	35	1.93306
5	37	1.52418
5	34	1.39855
5	32	1.42758
5	39	1.36223
1	29	1.32713
5	41	1.76141
5	43	1.75265
5	35	1.25011
5	42	1.43987
5	35	1.77048
5	36	1.7137
1	27	1.22776
5	40	1.61352
1	33	1.19108
1	21	0.574874
1	19	0.488523
1	18	0.470873
5	42	1.87935
1	17	0.480003
5	17	0.927576
1	10	0.406213
1	12	0.403303
1	9	0.360862
1	17	0.449293
1	16	0.429813
1	13	0.418273
5	46	2.97367
2	26	1.32542
1	12	0.335713
1	14	0.589163
5	42	2.86068
5	27	1.57681
5	46	3.23256
5	45	3.28814
1	23	1.32955
1	18	0.915086
5	27	1.87168
1	27	1.8401
1	21	1.4602
5	45	3.33833
5	18	1.44183
5	26	1.86429
5	38	2.31385
5	13	0.950616
5	38	2.51325
5	20	1.2387
1	24	1.59073
1	23	1.40723
5	51	3.64678
5	46	3.1019
5	47	3.12302
5	44	2.66614
5	48	3.03335
5	42	2.51906
5	44	2.47035
5	50	2.96273
1	31	1.66204
1	24	1.30403
1	23	1.48615
5	31	1.81202
5	35	2.43612
5	39	2.29579
5	39	2.44033
5	41	2.75761
5	42	2.56801
5	38	1.76324
5	38	2.41959
5	40	2.07972
5	38	1.85011
1	19	0.550394
1	17	0.438943
1	22	0.613594
1	20	0.581474
5	42	1.94234
1	14	0.470713
1	16	0.486113
1	14	0.451033
1	14	0.444443
5	17	0.836085
5	25	0.850856
1	8	0.422823
1	15	0.418422
1	24	0.873116
5	27	1.29558
5	22	1.1318
1	22	0.844946
5	21	1.10079
5	25	0.942056
5	25	0.986847
5	25	1.07836
5	23	0.892356
5	23	1.01519
1	16	0.717394
5	40	1.90568
5	35	1.83812
5	34	1.32243
5	41	1.86399
5	40	1.79962
1	12	0.370643
1	14	0.353942
1	15	0.464863
5	38	1.56779
1	10	0.349433
1	12	0.321872
1	6	0.316722
1	6	0.290622
1	9	0.302812
1	12	0.377182
1	12	0.519444
1	20	0.723235
1	16	0.616534
1	17	0.649184
5	27	1.41678
5	26	1.73806
1	13	0.393122
2	19	0.675115
1	14	0.565344
1	26	0.809965
1	5	0.346642
1	10	0.416873
1	1	0.242072
1	8	0.377132
1	11	0.419833
1	5	0.310022
1	12	0.505653
1	11	0.408743
1	8	0.382772
1	12	0.372843
1	11	0.361972
1	10	0.352873
1	9	0.405442
1	4	0.404062
5	34	1.45408
5	32	1.22273
2	24	0.629174
5	31	1.27785
5	29	1.11429
1	17	0.519063
1	7	0.325972
2	12	0.664275
5	17	0.754675
1	11	0.345152
5	13	0.959326
5	22	1.1818
5	27	1.11325
1	11	0.450433
1	10	0.327802
1	12	0.360883
1	13	0.466873
1	14	0.397173
1	15	0.502643
2	13	0.667474
5	12	0.648535
5	19	0.751145
5	12	1.7616
1	8	0.308692
1	15	0.299892
1	13	0.284342
1	10	0.395033
1	14	0.540973
1	13	0.586974
1	15	0.653484
1	18	0.666645
5	23	1.29605
1	12	0.362173
1	11	0.344412
1	14	0.579924
1	17	0.757515
1	20	0.884386
5	21	1.17929
5	32	1.64873
1	13	0.529474
5	19	1.29011
1	11	1.12278
3	17	1.11516
3	21	0.993807
5	27	1.57609
1	13	0.624944
1	10	0.401293
1	16	0.694685
1	13	0.612004
5	27	1.37907
5	21	1.65732
1	17	0.451603
5	17	1.11587
3	11	0.759005
1	15	0.444313
5	15	0.892766
1	6	0.338352
2	2	0.751095
1	13	0.395723
3	17	0.700664
1	14	0.294222
3	6	0.629385
1	10	0.356312
1	12	0.278542
1	9	0.360772
1	1	0.228162
1	16	0.837226
1	16	0.606274
1	23	1.30601
5	18	1.1797
3	10	0.818726
5	31	2.23107
5	32	2.06323
5	32	1.95302
5	28	1.74185
5	26	1.5534
5	29	1.25967
5	30	0.965676
5	32	1.39619
5	27	1.161
5	29	1.18489
5	26	1.03009
5	22	0.854356
5	28	1.2109
5	28	1.11899
5	29	1.03507
5	22	0.958747
5	17	0.723324
5	21	1.05432
5	20	0.999057
5	23	0.952996
1	13	0.387023
5	15	0.837375
1	16	1.05255
1	14	0.335432
3	10	0.510623
3	13	0.467533
3	16	0.393753
3	11	0.390052
3	13	0.511444
1	11	0.307512
1	6	0.261891
1	11	0.411443
1	12	0.419443
1	13	0.568934
1	10	0.517723
1	9	0.318962
1	16	0.918446
1	12	0.591704
1	20	1.102
1	6	0.255881
1	38	3.29666
1	10	0.409303
1	15	0.457643
1	13	0.517513
1	11	0.485444
1	8	0.460603
1	7	0.555253
1	5	0.499944
3	11	0.678334
1	8	0.345422
1	5	0.318173
1	7	0.327682
1	5	0.323932
1	4	0.328472
1	16	1.45645
5	25	3.12184
1	16	1.21045
5	33	3.28627
5	32	2.34521
5	30	2.25321
1	19	1.00708
5	34	2.81668
5	40	3.42157
5	41	3.68396
5	34	2.88312
5	42	3.5689
5	37	2.95741
5	38	3.23116
5	18	1.97937
5	33	2.39357
5	31	2.16079
5	31	1.9016
1	17	0.553344
1	9	0.412413
1	17	0.852085
1	18	1.0977
5	35	2.46977
1	11	0.368782
1	13	0.352792
1	12	0.346083
1	10	0.322202
3	5	0.539524
3	7	0.494153
3	8	0.655824
1	10	0.282232
2	4	0.464043
1	14	0.364482
1	14	0.486693
1	14	1.11705
5	29	2.71416
5	35	2.98957
5	28	2.21284
1	12	0.720805
2	15	1.12206
5	35	3.01531
1	50	4.33983
1	4	0.258302
5	32	2.87455
5	44	3.93292
1	35	2.76685
5	42	3.26885
5	54	4.90492
5	52	4.62266
5	50	4.23906
5	45	3.7283
5	43	3.64658
5	40	3.18647
5	46	4.65673
5	31	3.31189
5	55	5.52962
5	30	2.78813
5	19	2.10175
5	47	4.41529
5	27	2.29811
5	55	5.26856
5	30	2.07686
5	30	2.02125
5	17	1.16138
5	48	3.43145
5	38	2.33359
5	40	2.59645
1	10	0.319602
1	13	0.323992
1	12	0.311032
1	8	0.319122
5	31	2.08783
5	42	3.16814
5	33	3.38515
1	34	3.21613
5	38	3.31068
5	43	3.5891
5	45	3.65002
1	17	1.19057
5	31	2.66685
5	35	3.19912
5	41	2.59124
1	29	1.59239
5	39	2.42885
5	42	2.57734
5	44	2.48172
5	42	2.27739
5	42	2.17309
1	44	2.3701
5	12	0.960506
5	33	1.7646
5	27	2.00493
5	31	2.00954
5	32	1.68955
5	34	2.0912
5	34	2.00401
5	38	2.12305
2	21	0.965886
5	34	1.70312
5	38	1.9539
5	38	1.88318
1	5	0.248672
2	21	0.974696
5	31	1.65201
5	34	1.65608
5	36	1.59625
5	24	1.22893
5	34	1.34131
2	29	0.964226
1	23	0.856036
1	21	0.900926
5	31	1.27315
1	10	0.489284
1	10	0.294802
1	7	0.276821
1	6	0.265372
5	40	1.67322
5	24	1.05935
5	38	1.43721
5	32	1.22787
1	12	0.388962
1	16	0.545584
1	10	0.347952
1	15	0.601354
5	19	1.00418
5	34	1.99169
5	32	1.66551
5	31	1.51523
5	38	1.61628
5	37	1.59182
5	30	1.6299
5	38	1.6752
5	31	1.48315
5	24	1.08103
5	38	1.52554
5	38	1.53883
5	24	1.13107
5	35	1.2439
5	23	0.828765
5	30	1.4791
5	35	1.37065
5	28	1.10151
5	21	0.911176
5	19	0.879846
5	22	0.891526
5	26	0.755665
5	15	0.689094
5	20	0.763685
5	14	0.683025
5	25	1.40659
3	11	0.506454
3	11	0.509323
3	11	0.511993
3	10	0.511754
1	6	0.263281
3	9	0.502974
3	8	0.471103
1	14	0.300052
1	8	0.272772
3	4	0.451773
1	6	0.247171
1	10	0.415332
1	15	0.586913
5	27	1.13232
5	26	0.949676
5	31	1.27344
2	23	0.835716
5	23	0.856355
5	26	0.878666
1	18	0.390473
1	15	0.423573
1	17	0.437703
1	17	0.425982
1	14	0.447013
1	13	0.310962
1	7	0.324053
5	33	1.4545
1	15	0.593634
1	14	0.374133
5	21	0.856135
1	16	0.413533
1	8	0.290322
1	9	0.320342
1	10	0.483613
1	6	0.343902
1	9	0.301462
1	12	0.471743
1	13	0.644385
5	22	1.24872
5	30	1.71
5	26	1.48129
0	2	0.00816
1	6	0.280132
1	14	0.699215
5	30	1.68854
5	32	2.39757
5	32	2.29099
1	4	0.327902
1	9	0.523453
1	12	0.697745
1	18	1.03413
1	18	1.02432
1	13	0.667065
5	26	1.74665
5	31	1.89333
5	27	1.6017
5	18	1.06903
5	31	1.78008
5	18	0.876686
1	5	0.253692
5	31	1.70534
5	31	1.68508
1	26	1.18711
5	27	1.16061
5	40	2.19289
5	35	1.77129
5	24	1.26826
5	36	1.67537
5	37	1.79088
5	35	1.59167
5	18	1.00277
1	14	0.587764
1	49	2.57501
5	26	1.42192
5	24	1.31326
5	36	1.75047
5	10	0.754594
1	16	0.536024
5	39	1.98031
5	31	1.48838
5	36	1.71832
5	27	1.27669
1	21	0.836175
1	20	0.677435
1	19	0.860435
5	39	1.92537
5	35	1.55895
1	18	0.790876
5	38	1.72763
5	17	0.766665
5	13	0.648704
1	14	0.614754
1	10	0.517044
5	28	1.39642
1	21	0.911106
5	25	1.20255
5	29	1.45008
5	30	1.41675
5	36	1.6159
5	23	1.02317
5	26	1.14067
1	25	0.911136
1	26	1.09965
5	18	0.979187
5	37	1.38007
5	35	1.11749
5	29	1.06996
5	35	1.12918
5	26	0.937256
5	35	1.21599
5	29	0.854766
1	15	0.463703
5	18	0.722375
5	19	1.10816
3	19	0.495893
1	18	0.357852
3	24	0.507644
3	25	0.527643
3	26	0.691105
3	16	0.437042
1	16	0.293362
1	16	0.278082
3	12	0.371303
1	10	0.233101
1	14	0.258892
1	9	0.220201
1	12	0.236222
1	14	0.259972
1	18	0.293612
1	14	0.300012
1	14	0.256231
1	9	0.198961
1	10	0.232862
1	11	0.214231
1	6	0.184761
1	9	0.189142
1	7	0.176871
0	4	0.01865
1	8	0.187691
1	9	0.184781
0	4	0.019941
1	11	0.194741
1	6	0.171211
1	5	0.166261
1	66	7.40949
5	92	9.09875
5	83	8.37968
5	84	8.2176
5	81	8.06098
5	71	6.59857
5	90	9.00676
5	85	8.39836
5	82	7.8831
5	80	5.4942
5	81	4.2267
5	89	4.89834
5	90	4.78408
5	51	2.55695
5	81	4.17126
5	89	4.57072
5	73	3.47027
5	85	3.87026
5	78	3.56299
5	84	4.15649
5	58	4.28717
5	52	3.12788
5	53	3.8477
5	76	7.93058
5	75	6.77518
5	61	3.81867
5	68	4.64946
5	37	2.2837
5	69	4.55128
5	46	2.30393
5	76	5.54166
5	77	5.27737
5	74	4.70779
5	75	4.67566
5	76	5.68644
5	74	5.2099
5	69	2.92721
5	60	1.7048
5	63	1.85029
5	52	1.40686
5	40	1.71438
5	60	3.59054
5	47	2.15337
5	43	2.85583
5	60	3.86498
5	61	3.28239
5	53	2.20117
5	66	3.95751
5	54	2.15515
5	65	3.41112
5	53	2.84721
5	50	2.6279
5	63	3.41779
5	65	3.42304
5	64	3.23029
5	66	3.3049
5	65	2.92311
5	63	2.63815
5	66	2.84314
5	66	2.71086
5	58	3.14939
5	41	2.12854
5	53	2.28565
5	54	2.38405
5	30	1.60182
3	21	1.00514
5	38	2.01627
5	38	1.44023
5	44	1.95556
5	35	2.1209
3	37	1.16541
5	36	1.3708
3	35	1.24159
3	35	1.0751
5	30	1.33077
1	33	0.908236
5	33	1.34349
5	40	1.40667
3	27	0.990737
3	27	0.957936
3	27	0.853156
5	36	1.44288
5	50	2.017
5	42	1.83229
3	29	0.847916
5	43	1.59869
1	17	0.702245
5	34	1.71158
1	20	0.896916
5	44	1.80528
5	40	1.31675
1	19	0.609194
5	37	1.31213
5	42	2.66333
1	22	0.835316
3	28	0.942526
5	51	1.81411
5	54	1.96128
5	61	3.36427
5	52	3.28338
1	12	0.643674
1	8	0.488534
5	53	2.65372
1	9	0.496303
3	30	1.1116
3	28	0.972606
2	24	1.03634
5	21	2.37019
5	54	4.84867
3	15	0.990947
3	18	1.0091
3	19	1.02349
3	12	0.971977
1	15	0.652624
3	28	1.10272
3	29	1.09108
5	60	5.09182
5	64	5.84317
5	50	4.15411
1	11	0.415163
1	6	0.374302
1	10	0.383733
1	6	0.345822
5	57	4.23366
5	51	3.09943
2	26	1.54473
5	65	5.58709
5	54	3.99281
5	64	5.41182
5	64	5.29408
5	61	4.35038
5	64	6.21754
5	64	6.60309
5	60	5.20381
5	51	3.38992
5	59	4.72231
5	57	4.16024
5	54	4.00445
5	58	4.20895
1	9	0.350202
1	7	0.448073
1	6	0.417652
1	5	0.392183
5	47	3.96302
5	54	4.69302
5	57	3.95634
5	43	2.37267
5	51	3.08793
1	5	0.325212
1	8	0.325633
5	51	3.96535
5	54	4.69819
5	41	2.3951
5	38	2.21681
5	54	3.66806
5	58	3.7451
5	53	4.1722
5	58	4.73184
5	54	4.00789
5	47	2.70665
5	46	3.54543
2	23	1.4093
5	48	3.12088
5	41	1.89543
5	43	2.23307
5	43	2.1793
5	44	2.06903
1	76	2.60225
5	44	2.43568
5	39	2.18505
5	44	2.31067
5	37	1.99573
5	48	2.30323
5	47	2.20678
5	37	1.84544
5	41	1.48291
5	36	1.19553
5	35	1.67232
5	35	1.49954
5	20	0.884126
5	18	0.953607
3	20	0.705904
5	26	1.08857
5	25	1.26801
5	22	0.690084
5	28	1.30451
5	21	1.05979
1	14	0.393562
5	34	1.38173
5	35	1.79501
5	35	1.56287
5	36	1.24208
5	33	1.10891
3	16	0.614074
3	32	0.657784
5	19	0.724925
5	30	1.07058
5	17	0.933997
5	21	0.869385
3	15	0.807196
5	26	0.918526
5	28	0.890916
5	33	0.895286
3	6	0.488924
5	28	0.841185
1	13	0.324552
5	26	0.739655
3	20	0.620894
1	4	0.312042
5	27	1.19867
5	25	0.886676
3	7	0.519714
5	25	1.02281
3	18	0.501864
3	15	0.506343
3	16	0.454733
3	9	0.425513
1	33	0.632244
1	33	0.497533
1	33	0.609164
1	33	0.420763
1	33	0.504263
1	33	0.495713
1	33	0.487743
1	60	6.63106
1	71	6.58555
2	33	2.3116
5	43	3.71616
5	48	4.07179
5	45	3.97152
5	58	4.70603
5	46	3.78517
5	54	4.17428
5	48	3.67003
5	37	2.92817
5	46	3.20546
5	28	2.18075
5	46	3.36467
5	42	2.71133
5	45	2.97366
5	22	1.87151
2	33	2.98585
5	37	2.63088
5	40	2.52885
5	60	6.0399
5	47	4.30356
5	25	1.94132
5	39	3.99041
5	57	5.30948
5	45	4.376
5	52	4.15434
5	61	5.93273
1	58	5.16388
5	49	4.15924
5	55	4.44431
5	43	3.33547
5	40	3.85283
5	63	7.37807
5	60	6.46653
5	45	4.04587
5	31	2.08872
1	28	1.31078
1	40	1.40661
5	63	2.92784
5	43	3.69965
5	32	2.17251
5	46	3.66555
5	45	3.53731
5	26	1.93882
5	25	2.10617
1	22	1.39676
5	47	3.48271
5	50	4.53333
5	29	2.14168
5	32	2.62366
5	36	2.2495
5	44	2.51791
5	31	2.26053
5	39	2.39209
1	30	1.65343
1	28	1.27456
1	28	1.75456
1	17	0.924176
1	35	2.06031
1	36	1.97475
5	75	9.93537
5	70	9.24649
5	53	6.31716
5	62	6.36972
5	64	7.07496
5	61	7.13844
5	54	6.23597
5	40	3.83768
5	68	7.47821
5	69	7.93781
5	49	2.46628
1	38	1.71809
1	17	0.822995
5	64	3.87749
5	53	3.25272
5	61	3.22243
5	64	3.15596
5	69	4.41258
5	64	3.20243
5	49	4.16794
5	49	4.14059
5	55	4.05487
5	50	3.87372
5	53	3.85131
5	53	3.94556
5	55	3.79562
5	55	3.85609
5	51	3.48448
5	56	4.22535
5	49	2.8663
5	58	3.69598
1	66	4.04976
5	50	2.88419
5	37	2.39913
5	55	3.01162
5	37	2.24794
5	41	1.45136
5	41	1.40964
5	37	1.20883
5	22	1.17843
1	29	1.39901
1	18	0.933156
5	40	1.96561
1	126	12.0208
1	51	2.63356
1	43	2.17257
1	42	1.94144
1	33	1.44031
1	41	1.98477
1	48	2.5916
1	19	0.575983
2	39	1.68552
5	32	1.71755
5	27	1.43619
5	37	1.96306
5	23	1.1401
5	19	1.00737
5	26	1.37099
5	28	1.18879
5	14	1.3391
1	25	1.02669
5	38	1.88913
5	38	1.83316
1	21	0.821476
2	32	1.2987
1	67	7.28505
2	33	1.27652
5	42	1.847
5	39	1.92798
1	78	7.20174
5	42	1.67472
1	40	1.91903
1	3	0.400563
5	26	2.11029
2	36	3.12853
5	52	4.41148
5	55	4.68169
5	49	3.63884
5	55	4.45827
5	44	4.17214
5	37	3.75197
5	43	3.4638
5	48	3.31586
5	54	3.34643
1	36	2.5857
1	56	4.0679
5	51	3.287
5	38	2.18358
5	29	1.48603
1	16	0.762324
5	28	1.35796
5	43	3.12482
5	52	3.65384
5	30	1.96398
5	51	3.40218
5	46	3.16445
5	32	1.90581
5	44	2.32638
5	43	2.07593
5	39	2.32208
5	40	2.4864
5	37	1.93118
1	37	1.76333
5	35	2.29666
5	37	2.06909
5	27	1.39756
5	40	1.92404
5	17	0.832255
5	23	1.42196
5	40	2.18974
5	29	2.31256
1	38	3.71529
5	41	2.33841
1	33	1.38118
5	33	1.73956
1	30	1.01974
5	53	5.43919
1	20	1.66669
5	43	3.7321
5	45	4.44986
5	81	14.9429
5	77	9.48861
5	87	13.8785
5	56	7.61658
1	83	10.8244
5	84	10.2667
5	92	8.01978
5	63	4.45699
5	85	5.90943
1	61	4.23456
5	80	5.91656
5	77	5.22526
5	88	6.08281
5	87	6.16108
5	90	6.37156
1	38	2.07858
1	63	3.7994
5	87	5.76275
5	63	3.37882
5	47	1.95032
5	67	3.75985
1	35	1.80192
1	32	1.4079
1	89	4.91846
5	80	4.75599
5	71	4.55481
1	51	2.7825
1	39	1.72983
5	81	5.25491
5	63	3.23669
5	60	2.89621
5	71	3.71866
5	55	2.28261
5	78	4.38242
5	78	4.25665
5	68	3.22499
5	77	4.50798
5	78	3.59973
5	50	2.32912
5	43	3.03763
5	57	4.90569
5	63	5.12047
5	44	2.30723
5	42	1.73417
5	64	5.12197
5	46	2.73001
5	64	5.59529
5	57	4.94158
5	67	5.85388
5	55	5.02783
5	47	3.03908
5	66	4.309
5	69	4.8034
1	42	1.62355
5	46	2.31495
1	79	4.80741
5	47	1.47119
1	48	2.2192
1	25	0.533613
5	35	1.26676
5	35	2.07285
5	34	1.21093
5	27	1.29523
5	29	1.12767
5	28	0.989957
5	22	0.872986
5	33	0.982696
1	28	0.878186
5	29	1.03646
5	29	0.914566
5	33	0.942066
5	35	0.761695
5	33	0.780454
5	35	0.701635
1	12	0.369782
1	26	0.472933
5	37	2.12624
5	34	0.708295
5	22	0.600254
5	18	0.497813
1	16	0.327292
1	13	0.301032
5	17	0.433823
1	13	0.496754
0	7	0.07629
5	52	4.146
5	49	3.34615
1	35	2.45945
5	58	4.19246
1	26	1.21263
1	27	1.18987
1	15	0.580004
5	61	4.98054
5	58	4.30411
5	55	4.34258
5	59	4.20021
5	56	4.21712
5	57	3.22325
5	57	4.10968
5	46	2.8062
2	28	1.23472
5	50	3.26109
5	41	2.31303
5	38	2.17988
5	20	0.621584
5	23	0.888725
1	21	0.963616
1	18	0.673095
5	23	0.991966
3	9	0.438943
5	16	0.598494
1	27	1.34725
5	18	1.06285
5	30	1.64824
5	19	0.979897
5	23	1.15221
5	31	1.75318
5	34	1.64873
5	35	1.55356
5	33	1.29141
5	33	1.38724
5	28	1.0246
5	32	1.34741
5	32	1.17106
5	26	0.992847
5	28	0.963676
5	26	0.828006
5	29	1.06858
5	33	1.15119
5	27	1.01355
5	17	0.762875
5	23	0.774795
5	26	0.813606
5	23	0.845525
5	27	0.718785
5	29	0.699645
5	29	0.810295
5	29	0.847626
5	16	0.436672
5	9	0.406343
5	30	1.19043
5	19	0.876936
5	15	0.536084
1	14	0.468883
5	14	0.650144
4	9	0.423833
5	28	0.812885
3	9	0.316902
5	30	1.89785
5	34	1.4926
5	40	2.10752
5	33	1.81805
3	8	0.316202
5	50	2.74182
5	51	2.59569
5	44	2.53926
5	47	2.79126
5	47	2.51331
5	51	2.58831
5	40	1.91407
5	43	2.02272
5	43	1.97047
5	45	1.98721
5	42	1.67012
5	36	1.53584
5	38	2.04673
1	28	0.804316
1	30	1.04623
5	44	1.68474
5	43	1.60597
5	36	1.22481
5	27	1.24096
5	33	1.60377
5	38	1.80398
5	40	1.70688
1	27	0.807545
5	21	0.755835
5	46	1.76231
5	37	1.45411
5	27	0.966517
5	22	0.477583
5	26	1.23423
5	28	1.24835
5	29	1.27107
5	27	1.17045
5	22	0.624134
5	29	1.26539
5	26	1.02391
5	28	0.883755
1	17	0.230092
1	18	0.231532
1	16	0.308342
5	24	0.880485
5	26	1.01118
3	15	0.237412
1	16	0.198481
3	12	0.231342
5	28	1.10337
5	29	0.961616
5	18	0.526154
5	18	0.689324
5	16	0.586494
5	20	0.621724
5	19	0.478433
5	20	0.574814
5	24	0.661255
5	22	0.577973
3	14	0.292902
5	23	0.457223
5	22	0.323572
1	4	0.165031
5	16	0.980176
5	15	0.878886
5	16	0.777555
5	20	0.996837
5	18	0.774705
5	24	0.833556
1	19	0.781375
5	18	0.693894
5	15	0.655804
3	5	0.270512
5	23	0.923026
1	19	0.984157
1	25	1.15015
2	5	0.183911
5	27	1.15752
5	23	0.790115
5	21	0.634154
1	21	0.665944
1	13	0.426883
5	26	0.822876
1	11	0.495413
1	24	0.743685
5	19	0.638394
1	25	0.701595
5	22	0.567363
1	27	0.703265
1	18	0.459733
5	28	0.646074
5	22	0.671215
5	17	0.571733
2	14	0.217142
1	24	0.649704
1	24	0.644564
1	17	0.487654
1	21	0.583974
5	24	0.648124
5	26	0.612524
5	23	0.438773
1	19	0.365632
1	7	0.143391
3	7	0.266582
5	25	0.629894
1	16	0.360752
5	19	0.806246
5	21	0.599304
5	19	0.534893
5	19	0.525144
5	22	0.472663
5	18	0.355923
1	18	0.302462
1	17	0.363072
5	19	0.401443
5	9	0.226111
5	22	0.422473
5	20	0.305762
5	19	0.344742
1	18	0.207732
5	18	0.253112
1	13	0.171911
1	13	0.144151
1	13	0.136301
1	13	0.13647
1	10	0.112291
1	13	0.133961
1	13	0.131321
1	18	0.212411
3	14	0.217722
1	17	0.186611
2	16	0.252542
1	18	0.263791
1	16	0.190012
1	16	0.284752
1	14	0.315252
1	7	0.190711
1	14	0.305512
1	12	0.289082
1	10	0.246512
1	9	0.224291
1	6	0.202952
1	5	0.200541
1	7	0.216941
3	4	0.491383
0	6	0.03413
1	9	0.232462
0	5	0.01477
1	4	0.154191
0	6	0.03961
1	9	0.232492
1	8	0.120091
1	12	0.095551
1	6	0.06282
1	8	0.06796
1	11	0.081971
1	11	0.08716
1	11	0.088181
1	10	0.099431
1	13	0.11957
1	4	0.072601
1	9	0.09779
1	11	0.109761
1	11	0.113061
1	14	0.128451
1	7	0.08523
1	12	0.106141
1	12	0.11873
1	11	0.107631
1	8	0.087231
1	5	0.07342
1	13	0.155601
1	13	0.123461
1	8	0.094741
1	9	0.10402
1	12	0.113311
1	11	0.106281
1	12	0.115771
1	11	0.10629
1	10	0.100371
1	11	0.107601
1	7	0.08312
1	6	0.081091
1	6	0.08474
1	8	0.094131
1	8	0.085391
1	6	0.07855
1	5	0.071381
1	5	0.07036
1	20	0.305962
1	20	0.182141
1	20	0.296192
1	20	0.299682
5	99	23.7458
5	151	53.3722
5	106	15.3585
1	125	17.8167
5	138	19.6501
1	122	18.5815
2	120	15.0691
2	125	14.9679
2	107	7.09804
5	141	20.7112
5	161	32.8486
5	119	15.7872
5	143	19.347
5	102	12.677
5	151	20.6726
1	93	13.5312
1	86	12.6326
1	95	13.0547
1	86	12.3038
1	86	11.5567
1	76	16.9891
1	70	15.8463
1	68	16.1198
1	66	15.1827
1	73	14.6237
1	62	9.15745
1	68	9.84929
5	174	31.4127
5	136	18.5899
5	143	20.2369
5	91	6.06533
1	99	10.879
1	90	10.3859
1	59	8.39564
1	44	2.0579
1	20	1.24892
1	82	10.3659
1	23	1.24373
1	118	14.253
5	177	31.2081
5	108	13.8078
5	74	4.84725
5	88	10.7925
5	56	3.40077
5	175	29.5632
5	103	12.9338
5	109	13.2999
5	80	5.03147
5	136	17.4317
2	80	4.50886
5	101	7.02609
5	194	28.8559
5	83	8.76323
5	109	12.3714
5	113	13.0329
1	76	9.13353
5	207	28.5033
1	84	8.47015
1	94	10.032
5	209	29.0069
5	90	10.6546
5	104	11.163
5	110	12.2083
1	43	5.63194
5	207	26.5302
5	60	3.41455
5	62	3.41413
5	101	10.1141
5	112	12.6346
5	44	2.27067
5	96	9.63398
5	84	4.92643
5	210	25.8909
5	227	25.66
5	75	4.38472
1	38	4.15285
5	238	25.0935
5	104	9.97058
5	107	9.8108
5	83	4.33074
5	61	2.966
5	233	22.9828
5	78	6.48884
5	90	7.40333
5	235	22.2809
5	103	10.0727
5	63	3.07311
5	95	7.58405
5	72	5.04269
5	101	8.97365
5	43	1.64783
5	96	8.42712
5	72	4.53559
5	64	2.45297
5	241	21.4881
5	68	3.56819
5	248	21.1173
5	40	1.40768
5	258	20.6304
5	56	1.67077
5	109	10.9735
5	91	7.42503
5	117	12.1881
1	73	7.266
5	100	8.60102
5	107	9.95904
1	64	5.98931
5	92	7.31364
5	100	9.08507
5	108	10.6515
5	94	7.81487
5	108	10.5176
5	99	8.45435
5	117	10.8367
5	112	9.79358
5	103	9.43133
5	104	8.8767
5	74	5.03292
5	111	10.2585
1	74	6.49759
1	59	5.20874
1	46	3.52837
1	48	3.37365
1	58	5.12259
1	71	6.60977
1	60	5.10857
1	53	4.43732
1	58	4.67365
1	91	6.25616
5	98	7.57766
5	81	5.90879
5	92	7.08495
5	102	8.75301
5	111	8.81809
1	92	4.53528
5	91	6.63399
5	91	6.55805
5	112	8.86383
1	88	7.26869
5	101	7.37255
5	75	4.47454
5	95	6.79704
5	96	6.89201
5	97	7.06915
5	95	6.42299
5	92	6.2539
5	89	6.34153
5	97	7.50922
2	61	2.48845
5	95	6.4574
5	88	6.50072
5	76	4.28867
5	87	6.39156
2	48	1.66872
5	92	6.93358
5	98	6.55487
5	81	6.22491
5	102	6.71837
5	89	5.80581
1	37	1.97338
1	43	2.66087
5	72	3.57998
5	77	5.31513
5	83	5.67986
5	75	4.98194
5	78	4.7875
5	81	4.83253
5	75	3.87543
5	74	3.95559
5	76	4.61875
5	82	5.22873
2	51	2.22704
2	51	2.29524
5	78	4.32839
5	75	4.23346
5	79	4.61335
5	74	3.42543
5	84	4.34003
1	40	1.65712
5	79	3.88636
5	62	3.59806
5	66	3.03212
2	43	1.57236
5	68	3.08142
5	66	3.63877
1	30	1.26215
5	62	2.39415
5	69	4.0458
1	40	2.34919
1	38	2.20033
1	45	2.56224
1	38	1.71904
1	48	1.94277
1	49	2.08461
5	67	4.4151
5	66	3.64435
5	58	3.15694
1	42	2.40514
1	43	2.01455
1	41	2.52053
1	40	1.91202
5	61	3.32865
5	60	2.58939
1	33	1.74328
5	65	3.72399
5	63	3.60755
5	66	3.98339
5	66	3.6194
5	66	3.86563
5	62	3.47933
5	65	3.39104
5	67	3.64531
5	67	3.50911
5	64	3.08864
5	66	3.07163
5	65	2.82525
5	63	2.53905
1	38	1.62814
5	63	2.27049
5	65	2.32219
5	55	2.05353
5	60	2.88331
5	53	1.91318
1	19	0.740304
5	57	1.92415
2	29	1.00725
2	33	1.24428
5	43	1.63211
5	51	1.92011
5	47	1.49469
5	60	2.96913
5	58	2.58132
1	30	1.20628
1	56	2.45362
1	28	1.00934
5	55	2.42333
5	68	2.66039
5	64	2.85832
5	71	3.4376
5	69	3.5663
5	61	4.91384
5	59	4.72572
1	35	2.58456
1	38	3.1457
1	24	1.4804
1	46	3.31971
1	45	3.31221
5	51	4.06757
5	65	4.94816
5	64	4.29589
5	64	3.34575
5	56	2.55016
5	71	2.68353
1	57	2.26245
1	39	1.57221
1	34	1.27613
5	58	2.26984
5	52	2.36745
5	62	2.22952
5	65	2.19885
5	54	1.92616
1	28	0.974396
5	42	1.31336
1	23	0.704224
2	38	1.26622
5	42	1.8892
1	29	1.00117
2	32	1.2721
5	44	1.66434
5	51	1.78135
1	23	0.701224
5	45	2.00473
5	47	1.89486
5	40	1.56087
5	40	1.51622
1	27	0.840075
5	42	1.30483
5	24	1.21334
1	23	0.837006
3	29	0.789175
3	29	1.27663
3	33	1.36098
1	22	0.778105
1	17	0.625234
1	32	1.66544
1	28	1.33616
5	42	2.28195
1	34	1.62501
5	48	2.07437
5	48	2.11605
1	32	1.08461
5	47	2.05479
5	46	1.90738
5	29	1.32287
5	36	1.38853
5	28	1.76159
5	34	1.67603
1	20	0.747825
1	35	2.18334
5	45	3.16281
1	28	1.79173
1	35	2.0598
1	26	1.58845
1	30	1.52959
1	23	1.26173
1	30	1.56839
1	27	1.06037
1	27	1.51614
1	19	1.18703
5	26	1.8523
1	18	0.806795
5	31	1.7514
5	33	1.93661
5	26	1.67177
1	20	0.776365
1	22	0.769125
1	19	0.707014
1	20	0.687825
5	33	1.12931
1	17	0.622854
1	31	1.72133
1	26	1.16413
1	27	1.36362
1	26	1.61201
1	26	1.4063
1	30	1.47124
1	26	1.56164
1	27	1.5919
1	25	1.47753
1	33	1.35634
1	28	1.10326
5	46	2.51311
5	39	1.99381
5	42	1.62119
1	31	1.15407
5	37	1.6279
5	38	1.54949
5	41	1.73262
2	32	1.52537
5	38	2.14499
5	40	1.98002
1	28	0.919566
1	21	0.831166
1	26	0.886286
1	15	0.633974
3	14	0.989666
3	15	0.795866
1	25	0.431032
3	10	0.635054
1	14	0.418983
1	16	0.506943
1	28	0.526533
1	21	0.575794
1	17	0.364002
5	27	0.778835
5	30	0.786665
1	10	0.293802
1	26	0.881336
1	20	0.791535
5	52	1.99066
5	44	1.83837
5	54	4.08973
5	44	2.05792
2	33	1.32079
5	45	1.48244
1	13	0.305582
1	15	0.303972
5	39	1.64751
1	32	1.13561
1	18	0.586323
5	37	1.33534
5	51	1.66018
5	42	1.57497
5	40	1.22617
5	46	1.51689
5	45	1.28463
5	49	1.3061
1	26	0.939087
5	23	1.08098
1	15	0.576504
5	22	1.8638
1	14	0.557764
1	13	0.534973
1	13	0.485783
2	34	1.76624
5	44	2.16818
1	21	0.941366
1	20	0.471563
1	27	0.777125
1	22	0.615084
1	18	0.482133
1	13	0.290402
5	44	1.52414
5	47	1.21644
1	17	0.596484
1	15	0.421633
1	26	0.859975
1	20	0.786975
5	37	0.883475
5	43	1.31149
1	41	4.08822
5	38	2.99076
5	44	1.58648
1	28	0.683615
1	22	0.727894
1	25	0.785196
1	34	1.29163
1	48	2.49431
1	91	3.44633
5	42	1.46721
1	39	1.11948
5	41	1.12692
1	39	0.853856
5	36	0.947166
5	38	1.08373
5	56	2.76757
5	62	2.77855
5	55	2.59261
5	45	1.62143
1	28	1.01238
1	25	1.80442
5	58	4.79811
5	55	2.63838
2	31	1.00237
5	55	2.40752
5	55	1.74648
5	55	2.21765
5	29	1.02981
5	23	0.898106
5	21	1.02391
5	18	0.933746
5	16	1.01514
5	15	0.881226
5	15	0.862385
5	16	0.859326
5	17	1.03047
5	13	0.738874
5	18	0.790005
5	22	0.837805
5	16	0.969106
1	4	0.725055
1	16	1.04755
1	11	0.885536
1	15	0.931186
1	23	1.37495
1	17	1.23496
1	9	0.817276
1	22	0.858865
1	13	0.391582
1	16	0.418693
1	11	0.360422
1	13	0.360072
1	18	0.441403
5	14	0.767595
5	23	1.03643
3	21	0.511613
5	48	2.26669
1	22	0.744485
5	46	1.86009
1	12	0.281772
5	33	1.92915
1	21	1.11381
1	21	1.13522
1	29	1.55802
1	21	0.825936
1	21	1.13963
1	18	0.638624
5	29	0.662585
1	17	0.412893
1	19	0.451533
1	16	0.426222
1	20	0.400623
1	17	0.373743
1	21	0.467463
1	19	0.399172
3	33	0.655365
1	29	1.11238
1	30	1.03254
5	49	1.74098
5	46	1.90187
5	41	3.00204
5	41	1.6951
5	49	1.70923
5	43	1.67425
5	45	1.62056
1	28	0.816965
5	49	1.53676
5	50	1.42218
2	23	0.962567
5	38	1.21885
5	41	1.2786
1	23	0.396662
1	24	0.381203
1	24	0.477353
1	30	0.823606
5	41	1.42303
5	45	1.41704
5	44	1.30354
1	28	0.726085
1	12	0.327912
3	30	1.16573
1	19	0.889106
1	33	2.55297
5	31	2.30491
5	38	1.52382
1	20	0.700015
1	22	0.458743
5	33	0.893526
1	33	1.09351
1	17	0.332922
1	20	0.602704
1	13	0.280392
1	16	0.295012
5	37	1.28548
5	33	0.924296
1	11	0.246082
1	15	0.250581
1	10	0.216381
1	13	0.244142
1	13	0.233471
1	12	0.291372
1	13	0.306552
1	10	0.497083
1	14	0.560564
1	10	0.487553
1	9	0.453873
1	11	0.499133
1	21	1.15306
5	27	2.34929
3	25	0.867256
1	19	0.615384
1	28	0.916376
1	30	1.15924
1	12	0.243582
1	10	0.216851
3	18	0.474113
1	9	0.217512
1	11	0.232821
1	9	0.216231
1	11	0.212632
1	9	0.724764
3	17	1.00112
3	21	1.02363
1	22	0.720574
1	20	0.695615
1	22	0.709124
1	23	0.709885
1	10	0.803335
3	21	0.845165
1	16	0.386322
1	21	0.287102
1	23	0.385843
1	23	0.330572
1	17	0.284982
1	23	0.323882
1	21	0.314332
1	19	0.290102
1	11	0.249862
1	12	0.254031
1	13	0.324343
1	24	0.758264
1	6	0.448793
1	10	0.460223
1	8	0.427943
1	7	0.429213
1	5	1.09629
1	6	0.630794
1	16	0.560534
1	17	0.557644
1	23	0.966706
5	37	1.87641
1	23	0.532454
5	41	1.11811
1	21	0.356883
1	20	0.305462
1	23	0.326832
1	23	0.321302
1	11	0.258152
3	29	0.502543
1	14	0.263241
1	12	0.493903
3	5	1.02805
1	12	0.462783
5	26	0.817675
5	29	0.794756
1	41	0.711874
5	26	0.787536
1	7	0.244701
5	32	1.38115
5	33	1.24807
5	29	0.793775
5	29	0.698604
5	31	0.703584
5	29	0.838705
5	26	0.973207
1	18	0.289831
1	16	0.272802
1	16	0.290262
1	20	0.345802
1	21	0.351263
1	16	0.528633
1	12	0.377163
1	21	0.524073
1	17	0.467433
1	15	0.409873
1	11	0.350042
5	22	0.712785
5	26	1.50228
3	25	0.757545
3	16	0.707274
3	18	0.703165
1	14	0.444043
3	34	0.797445
1	18	0.410933
1	11	0.336052
3	25	0.686015
1	14	0.399972
1	16	0.416143
1	16	0.417573
1	21	1.06214
1	20	0.966136
1	34	1.90983
5	33	1.7867
1	35	1.8512
5	32	1.57681
5	35	1.81571
1	13	0.543344
1	12	0.443663
1	13	0.451783
1	17	0.700234
1	19	0.729275
1	33	1.83791
5	29	1.35018
5	35	1.45625
1	11	0.383603
1	17	0.424743
1	13	0.410913
1	11	0.385892
1	10	0.381353
1	9	0.371362
1	7	0.412652
1	8	0.386783
1	6	0.293982
5	23	2.89842
5	20	2.24
5	29	2.77745
5	34	3.43093
1	8	0.474094
1	5	0.397452
1	8	0.399883
1	10	0.391912
1	10	0.412403
1	29	0.775595
1	12	0.448593
1	20	0.318342
3	16	0.451342
1	13	0.334802
1	17	0.378903
1	14	0.379152
1	11	0.353132
1	10	0.354842
1	9	0.315152
1	9	0.325512
1	9	0.330942
1	8	0.315402
1	9	0.308352
1	17	0.373993
1	15	0.376022
1	17	0.358512
1	13	0.316763
1	33	1.90243
5	35	1.96384
5	35	1.85971
5	37	1.8093
5	30	1.16917
5	36	1.86604
5	37	2.00702
5	30	1.30863
1	29	1.15692
1	17	0.786615
5	30	1.67267
5	32	1.7859
5	28	1.42167
1	9	0.394692
1	9	0.379113
1	7	0.352792
1	18	0.462723
1	19	0.458823
1	15	0.378753
1	14	0.319262
5	31	1.41231
5	30	1.24774
1	9	0.288652
1	6	0.268432
1	7	0.310942
1	10	0.370992
1	9	0.377753
1	9	0.366162
1	8	0.355572
1	5	0.350523
1	6	0.294852
1	10	0.277832
1	10	0.268672
1	9	0.277852
1	11	0.272321
1	5	0.250662
1	3	0.328722
1	4	0.612494
1	30	0.414023
1	17	0.391253
1	18	0.356612
1	13	0.444723
1	11	0.415363
1	14	0.524713
1	10	0.396883
1	16	0.489993
1	9	0.327522
1	7	0.324433
1	12	0.361712
1	10	0.401563
1	13	0.347352
1	9	0.324043
1	13	0.348932
1	12	0.344392
1	11	0.366743
5	24	1.10091
5	24	0.977277
5	23	0.866175
1	16	0.421633
1	14	0.371223
1	13	0.349292
1	17	0.360152
5	27	0.824966
5	18	0.740454
5	23	0.751405
1	20	0.475463
5	23	0.692524
1	9	0.298952
1	12	0.292762
1	19	0.697254
5	18	0.708744
5	19	0.796805
1	15	0.366722
1	13	0.344512
1	7	0.384182
5	17	0.733225
1	18	0.378672
3	12	0.511613
1	18	0.352772
1	13	0.321363
1	13	0.307552
1	8	0.268901
1	14	0.400923
5	44	4.94609
5	57	7.0621
5	52	6.9215
5	32	3.78405
5	60	7.82424
5	50	5.74886
5	59	6.42835
5	37	3.60672
5	39	4.32189
5	42	4.44395
1	9	0.788235
5	35	3.16714
5	49	4.73073
5	48	4.8712
1	11	0.676884
5	32	3.40221
5	48	4.11034
5	67	9.17412
5	46	6.38242
5	66	8.52205
5	41	3.94682
1	36	3.68027
5	46	3.63518
1	20	1.09387
1	17	0.886836
1	17	0.781076
1	15	0.575893
1	10	1.01424
5	49	6.28043
5	57	6.26485
5	34	2.21439
3	30	1.10109
5	64	7.13621
5	57	5.98447
5	45	3.97688
1	27	1.88899
5	66	6.78348
1	11	0.480593
1	11	0.391893
1	12	0.411442
1	10	0.388373
1	9	0.357672
1	7	0.328562
1	9	0.335913
1	12	0.347722
1	12	0.500793
1	12	0.378273
1	6	0.586614
1	12	0.490253
1	11	0.454273
1	10	0.461013
1	7	0.425533
1	6	0.396843
1	11	0.448023
1	9	0.445352
1	4	0.407162
1	12	0.445433
1	6	0.404453
1	10	0.428393
1	3	0.412242
1	14	0.430953
1	14	0.415962
1	13	0.390073
1	9	0.274082
1	8	0.186481
1	12	0.202351
1	7	0.189822
1	9	0.391732
1	7	0.302432
1	8	0.335032
1	4	0.288722
1	5	0.274532
1	8	0.286931
1	8	0.284992
1	7	0.283052
1	6	0.286062
1	6	0.281761
1	1	0.280442
1	12	0.370072
1	13	0.372103
1	11	0.355602
1	9	0.337783
1	12	0.360952
1	13	0.345742
1	8	0.311232
1	9	0.250402
1	9	0.251082
1	7	0.281561
1	12	0.263442
1	10	0.250742
1	10	0.275182
1	11	0.255381
1	8	0.243622
1	9	0.262732
1	7	0.229721
1	7	0.229192
1	6	0.219961
1	7	0.268882
1	6	0.241392
1	5	0.234301
1	5	0.224382
1	5	0.227871
5	60	6.73621
5	66	7.18638
5	69	7.45241
5	62	6.28707
1	14	0.768525
1	33	3.04819
1	20	1.52047
5	66	7.08234
5	54	4.40736
5	61	5.57997
5	57	4.94408
5	63	6.4393
5	71	7.51969
5	66	6.95856
5	59	5.87121
5	74	7.41209
5	75	7.74949
5	61	5.82242
5	65	3.83091
5	45	2.52006
5	78	4.53235
5	56	3.06978
1	66	3.59861
5	57	3.06624
5	62	3.38431
5	44	3.91454
5	56	5.21692
5	33	2.57444
5	51	4.28937
5	63	5.49416
1	19	1.26826
5	46	3.4926
5	38	2.64304
5	56	5.07851
5	58	5.21896
5	58	5.26074
5	53	4.0716
5	61	5.25385
5	58	4.81744
5	54	2.1562
5	49	1.69687
1	19	0.415693
5	63	3.06457
5	35	1.40044
5	46	2.23447
5	41	2.9234
1	17	0.913796
1	25	1.1223
1	24	0.873116
5	36	1.74924
5	43	3.29094
5	26	1.54827
1	8	0.317172
1	11	0.330123
5	45	3.44739
5	49	3.74965
5	53	3.79975
1	27	1.48522
2	37	2.05074
5	49	3.41738
1	23	1.20818
5	43	2.61787
5	38	2.5493
1	17	0.521374
1	16	0.571543
1	12	0.363012
1	9	0.306512
1	20	0.844206
5	35	1.96466
5	29	1.69599
1	29	1.91314
5	39	2.66669
5	46	3.05315
1	13	0.389812
1	14	0.451473
1	9	0.355943
1	14	0.323272
1	12	0.362852
5	22	0.752475
1	11	0.225622
1	10	0.219391
5	50	3.28742
5	50	3.17379
5	39	2.77528
2	42	2.29169
1	11	0.337172
1	11	0.304542
1	10	0.283112
1	11	0.296292
1	10	0.294252
1	6	0.357532
1	7	0.351902
1	5	0.326832
1	3	0.608744
1	4	0.313752
1	2	0.309322
5	31	2.80112
1	13	0.599034
1	17	0.996347
5	40	2.51129
5	42	2.66113
2	20	1.89475
3	16	1.67239
5	39	3.09588
5	45	3.30736
5	34	1.93507
1	40	2.59975
5	46	2.58088
5	45	2.51925
5	46	2.42896
3	9	0.552074
5	37	2.08083
5	41	2.06249
5	38	1.95204
5	43	2.2516
5	41	1.88125
5	29	1.30576
5	43	2.15354
5	31	1.37308
5	35	2.00501
5	39	2.02114
1	19	0.738184
5	43	1.91673
5	38	1.80843
5	39	1.61893
5	27	2.0953
5	30	1.53998
5	28	1.64631
5	30	1.88092
5	33	1.70105
5	34	1.69472
5	26	1.16736
5	33	1.44286
1	24	0.701784
1	18	0.514654
5	32	0.892976
5	37	1.68181
5	36	1.77712
1	23	0.690415
1	17	0.622194
1	18	0.590444
5	37	1.7058
5	36	1.85026
5	31	1.38645
5	34	1.37333
5	30	1.16328
5	28	1.25274
1	13	0.495683
1	13	0.482213
1	11	0.457433
1	12	0.328052
1	15	0.343123
5	26	1.33755
1	12	0.402162
1	8	0.265422
5	21	0.770925
5	18	0.659594
1	19	0.726745
1	7	0.282982
3	6	0.432913
5	29	1.33083
5	27	1.3674
5	28	1.22112
1	14	0.485913
1	9	0.408732
1	3	0.173601
5	22	0.929436
5	14	0.926626
5	19	0.910046
1	7	0.251021
1	12	0.274472
1	10	0.398452
5	15	0.679975
1	10	0.271691
1	14	0.260882
1	10	0.247962
1	13	0.257262
1	12	0.253881
5	19	0.743215
5	22	0.851526
5	23	0.860425
1	6	0.243012
1	5	0.224542
1	8	0.240021
3	9	0.775035
5	12	0.621924
5	20	0.808766
5	16	0.642214
1	13	0.386502
5	20	0.663385
5	12	0.593494
5	16	0.712324
3	9	0.459133
5	10	0.759635
1	8	0.220751
0	2	0.00809
1	6	0.963126
1	12	0.242422
3	11	0.491163
1	16	0.693274
5	22	0.997047
5	21	0.943066
1	6	0.279022
1	8	0.333232
5	15	0.691115
5	18	1.36905
5	20	1.05822
5	20	1.03546
1	6	0.374823
5	15	0.922246
5	11	0.723925
5	23	0.887325
1	11	0.405803
5	21	0.854506
1	9	0.264141
1	13	0.281412
5	21	0.662314
3	17	0.479093
5	22	0.892455
1	15	0.338923
1	15	0.323892
1	13	0.264602
1	7	0.223981
3	7	0.384003
1	7	0.208611
1	7	0.455013
1	3	0.371683
5	8	1.57689
3	15	0.705385
3	13	0.649844
1	7	0.300572
1	3	0.194501
1	11	0.237352
1	4	0.182491
3	6	0.415153
2	4	0.305522
3	4	0.382893
2	3	0.298272
3	9	0.391132
3	7	0.363023
1	6	0.185561
1	6	0.186761
3	16	0.382153
3	19	0.379142
1	5	0.185371
1	6	0.305962
1	6	0.316782
1	4	0.301812
0	3	0.01652
0	2	0.04909
1	8	0.336722
1	9	0.321652
1	3	0.336063
1	6	0.427242
1	6	0.415013
1	8	0.458013
1	8	0.442413
1	5	0.372712
1	8	0.453963
